INSERT INTO CATEGORY VALUES('CATEGORY-00001','life1222384134687','electronics','Y','','2007-06-27','','2008-09-26');
INSERT INTO CATEGORY VALUES('CATEGORY-00002','sports','sports','Y','','2007-06-27','','2008-05-21');
INSERT INTO CATEGORY VALUES('CATEGORY-00003','homeelectronics','homeelectronics','Y',NULL,'2007-06-27',NULL,'2009-12-30');
INSERT INTO CATEGORY VALUES('CATEGORY-00004','life','life','Y',NULL,'2007-06-27',NULL,'2007-06-27');
INSERT INTO CATEGORY VALUES('CATEGORY-00005','food','food','Y',NULL,'2007-06-27',NULL,'2007-06-27');
INSERT INTO CATEGORY VALUES('CATEGORY-00016','elec',NULL,NULL,NULL,'2008-09-24',NULL,'2008-09-24');
INSERT INTO CATEGORY VALUES('CATEGORY-00017','elec','abc','y','abc233','2008-09-24','abc233','2008-09-24');
INSERT INTO CATEGORY VALUES('CATEGORY-00018','elec',NULL,NULL,NULL,'2008-09-24',NULL,'2008-09-24');
INSERT INTO CATEGORY VALUES('CATEGORY-00019','elec',NULL,NULL,NULL,'2008-09-24',NULL,'2008-09-24');
INSERT INTO CATEGORY VALUES('CATEGORY-00020','elec',NULL,NULL,NULL,'2008-09-24',NULL,'2008-09-24');
INSERT INTO CATEGORY VALUES('CATEGORY-00021','elec',NULL,NULL,NULL,'2008-09-24',NULL,'2008-09-24');
INSERT INTO CATEGORY VALUES('CATEGORY-00022','elec','abc','y','abc233','2008-09-24','abc233','2008-09-24');
INSERT INTO CATEGORY VALUES('CATEGORY-00023','elec',NULL,NULL,NULL,'2008-09-25',NULL,'2008-09-25');
INSERT INTO CATEGORY VALUES('CATEGORY-00024','elec','abc','y','abc233','2008-09-25','abc233','2008-09-25');
INSERT INTO CATEGORY VALUES('CATEGORY-00025','elec',NULL,NULL,NULL,'2008-09-25',NULL,'2008-09-25');
INSERT INTO CATEGORY VALUES('CATEGORY-00026','elec','abc','y','abc233','2008-09-25','abc233','2008-09-25');
INSERT INTO CATEGORY VALUES('CATEGORY-00027','elec',NULL,NULL,NULL,'2008-09-25',NULL,'2008-09-25');
INSERT INTO CATEGORY VALUES('CATEGORY-00028','elec','abc','y','abc233','2008-09-25','abc233','2008-09-25');
INSERT INTO CATEGORY VALUES('CATEGORY-00029','elec',NULL,NULL,NULL,'2008-09-25',NULL,'2008-09-25');
INSERT INTO CATEGORY VALUES('CATEGORY-00030','elec','abc','y','abc233','2008-09-25','abc233','2008-09-25');
INSERT INTO CATEGORY VALUES('CATEGORY-00031','elec',NULL,NULL,NULL,'2008-09-25',NULL,'2008-09-25');
INSERT INTO CATEGORY VALUES('CATEGORY-00032','elec',NULL,NULL,NULL,'2008-09-25',NULL,'2008-09-25');
INSERT INTO CATEGORY VALUES('CATEGORY-00033','elec','abc','y','abc233','2008-09-25','abc233','2008-09-25');
INSERT INTO CATEGORY VALUES('CATEGORY-00034','elec',NULL,NULL,NULL,'2008-09-25',NULL,'2008-09-25');
INSERT INTO CATEGORY VALUES('CATEGORY-00035','elec','abc','y','abc233','2008-09-25','abc233','2008-09-25');
INSERT INTO CATEGORY VALUES('CATEGORY-00036','elec',NULL,NULL,NULL,'2008-09-25',NULL,'2008-09-25');
INSERT INTO CATEGORY VALUES('CATEGORY-00037','elec','abc','y','abc233','2008-09-25','abc233','2008-09-25');
INSERT INTO CATEGORY VALUES('CATEGORY-00038','elec',NULL,NULL,NULL,'2008-09-25',NULL,'2008-09-25');
INSERT INTO CATEGORY VALUES('CATEGORY-00039','elec','abc','y','abc233','2008-09-25','abc233','2008-09-25');
INSERT INTO CATEGORY VALUES('CATEGORY-00040','elec',NULL,NULL,NULL,'2008-09-25',NULL,'2008-09-25');
INSERT INTO CATEGORY VALUES('CATEGORY-00041','elec','abc','y','abc233','2008-09-25','abc233','2008-09-25');
INSERT INTO CATEGORY VALUES('CATEGORY-00042','elec',NULL,NULL,NULL,'2008-09-25',NULL,'2008-09-25');
INSERT INTO CATEGORY VALUES('CATEGORY-00043','elec','abc','y','abc233','2008-09-25','abc233','2008-09-25');
INSERT INTO CATEGORY VALUES('CATEGORY-00044','elec',NULL,NULL,NULL,'2008-09-25',NULL,'2008-09-25');
INSERT INTO CATEGORY VALUES('CATEGORY-00045','elec','abc','y','abc233','2008-09-25','abc233','2008-09-25');
INSERT INTO CATEGORY VALUES('CATEGORY-00046','elec',NULL,NULL,NULL,'2008-09-25',NULL,'2008-09-25');
INSERT INTO CATEGORY VALUES('CATEGORY-00047','elec','abc','y','abc233','2008-09-25','abc233','2008-09-25');
INSERT INTO CATEGORY VALUES('CATEGORY-00048','elec',NULL,NULL,NULL,'2008-09-25',NULL,'2008-09-25');
INSERT INTO CATEGORY VALUES('CATEGORY-00049','elec','abc','y','abc233','2008-09-25','abc233','2008-09-25');
INSERT INTO CATEGORY VALUES('CATEGORY-00050','elec',NULL,NULL,NULL,'2008-09-25',NULL,'2008-09-25');
INSERT INTO CATEGORY VALUES('CATEGORY-00051','elec','abc','y','abc233','2008-09-25','abc233','2008-09-25');
INSERT INTO CATEGORY VALUES('CATEGORY-00052','elec',NULL,NULL,NULL,'2008-09-26',NULL,'2008-09-26');
INSERT INTO CATEGORY VALUES('CATEGORY-00053','elec','abc','y','abc233','2008-09-26','abc233','2008-09-26');
INSERT INTO CATEGORY VALUES('CATEGORY-00054','elec',NULL,NULL,NULL,'2008-09-26',NULL,'2008-09-26');
INSERT INTO CATEGORY VALUES('CATEGORY-00055','elec','abc','y','abc233','2008-09-26','abc233','2008-09-26');
INSERT INTO CATEGORY VALUES('CATEGORY-00056','elec',NULL,NULL,NULL,'2008-09-26',NULL,'2008-09-26');
INSERT INTO CATEGORY VALUES('CATEGORY-00057','elec','abc','y','abc233','2008-09-26','abc233','2008-09-26');
INSERT INTO CATEGORY VALUES('CATEGORY-00058','test','test','Y','admin','2009-11-12','admin','2009-11-12');
INSERT INTO PRODUCT VALUES('PRODUCT-00011','samsungsdsIndia1222384135593','woos41','CATEGORY-00002','good~','20030214','Y',1,10000,'./sample/upload_files/productImage/AHlbAAAAvetFNwAA.jpg','2008-09-26');
INSERT INTO PRODUCT VALUES('PRODUCT-00012','bordo','woos41','CATEGORY-00003','best','20070201','Y',1,1170000,'./sample/upload_files/productImage/AHlbAAAAvewfegAB.jpg','2007-06-27');
INSERT INTO PRODUCT VALUES('PRODUCT-00013','board set','woos41','CATEGORY-00002','best','20060217','N',1,200000,'./sample/upload_files/productImage/AHlbAAAAve1WwgAC.jpg','2007-06-27');
INSERT INTO PRODUCT VALUES('PRODUCT-00014','inline','woos41','CATEGORY-00002','good','20061219','Y',2,20000,'./sample/upload_files/productImage/AHlbAAAAve37LwAD.jpg','2007-06-27');
INSERT INTO PRODUCT VALUES('PRODUCT-00015','Samsung SENS 2G','test','CATEGORY-00001','sens memory 2Giga','20070221','Y',1,800000,'./sample/upload_files/productImage/AHlbAAAAtBqyWAAA.jpg','2007-06-27');
INSERT INTO PRODUCT VALUES('PRODUCT-00016','flower','test','CATEGORY-00004','try','20070222','Y',5,232300,'./sample/upload_files/productImage/AHlbAAAAtDPSiQAA.jpg','2007-06-27');
INSERT INTO PRODUCT VALUES('PRODUCT-00017','Samsung SENS','test','CATEGORY-00001','Notebook','20070212','Y',1,600000,'./sample/upload_files/productImage/AHlbAAAAug1vsgAA.jpg','2007-06-27');
INSERT INTO PRODUCT VALUES('PRODUCT-00084','sportsone',NULL,'CATEGORY-00016',NULL,NULL,NULL,0,0,NULL,'2008-09-24');
INSERT INTO PRODUCT VALUES('PRODUCT-00085','sportsone',NULL,NULL,NULL,NULL,NULL,0,0,NULL,'2008-09-24');
INSERT INTO PRODUCT VALUES('PRODUCT-00086','sportsone',NULL,'CATEGORY-00018',NULL,NULL,NULL,0,0,NULL,'2008-09-24');
INSERT INTO PRODUCT VALUES('PRODUCT-00087','sportsone',NULL,'CATEGORY-00019',NULL,NULL,NULL,0,0,NULL,'2008-09-24');
INSERT INTO PRODUCT VALUES('PRODUCT-00088','sportsone',NULL,'CATEGORY-00020',NULL,NULL,NULL,0,0,NULL,'2008-09-24');
INSERT INTO PRODUCT VALUES('PRODUCT-00089','sportsone',NULL,'CATEGORY-00021',NULL,NULL,NULL,0,0,NULL,'2008-09-24');
INSERT INTO PRODUCT VALUES('PRODUCT-00090','sportsone',NULL,NULL,NULL,NULL,NULL,0,0,NULL,'2008-09-24');
INSERT INTO PRODUCT VALUES('PRODUCT-00091','sportsone',NULL,'CATEGORY-00023',NULL,NULL,NULL,0,0,NULL,'2008-09-25');
INSERT INTO PRODUCT VALUES('PRODUCT-00092','sportsone',NULL,NULL,NULL,NULL,NULL,0,0,NULL,'2008-09-25');
INSERT INTO PRODUCT VALUES('PRODUCT-00093','sportsone',NULL,'CATEGORY-00025',NULL,NULL,NULL,0,0,NULL,'2008-09-25');
INSERT INTO PRODUCT VALUES('PRODUCT-00094','sportsone',NULL,NULL,NULL,NULL,NULL,0,0,NULL,'2008-09-25');
INSERT INTO PRODUCT VALUES('PRODUCT-00095','sportsone',NULL,'CATEGORY-00027',NULL,NULL,NULL,0,0,NULL,'2008-09-25');
INSERT INTO PRODUCT VALUES('PRODUCT-00096','sportsone',NULL,NULL,NULL,NULL,NULL,0,0,NULL,'2008-09-25');
INSERT INTO PRODUCT VALUES('PRODUCT-00097','sportsone',NULL,'CATEGORY-00029',NULL,NULL,NULL,0,0,NULL,'2008-09-25');
INSERT INTO PRODUCT VALUES('PRODUCT-00098','sportsone',NULL,NULL,NULL,NULL,NULL,0,0,NULL,'2008-09-25');
INSERT INTO PRODUCT VALUES('PRODUCT-00099','sportsone',NULL,'CATEGORY-00031',NULL,NULL,NULL,0,0,NULL,'2008-09-25');
INSERT INTO PRODUCT VALUES('PRODUCT-00100','sportsone',NULL,'CATEGORY-00032',NULL,NULL,NULL,0,0,NULL,'2008-09-25');
INSERT INTO PRODUCT VALUES('PRODUCT-00101','sportsone',NULL,NULL,NULL,NULL,NULL,0,0,NULL,'2008-09-25');
INSERT INTO PRODUCT VALUES('PRODUCT-00102','sportsone',NULL,'CATEGORY-00034',NULL,NULL,NULL,0,0,NULL,'2008-09-25');
INSERT INTO PRODUCT VALUES('PRODUCT-00103','sportsone',NULL,NULL,NULL,NULL,NULL,0,0,NULL,'2008-09-25');
INSERT INTO PRODUCT VALUES('PRODUCT-00104','sportsone',NULL,'CATEGORY-00036',NULL,NULL,NULL,0,0,NULL,'2008-09-25');
INSERT INTO PRODUCT VALUES('PRODUCT-00105','sportsone',NULL,NULL,NULL,NULL,NULL,0,0,NULL,'2008-09-25');
INSERT INTO PRODUCT VALUES('PRODUCT-00106','sportsone',NULL,'CATEGORY-00038',NULL,NULL,NULL,0,0,NULL,'2008-09-25');
INSERT INTO PRODUCT VALUES('PRODUCT-00107','sportsone',NULL,NULL,NULL,NULL,NULL,0,0,NULL,'2008-09-25');
INSERT INTO PRODUCT VALUES('PRODUCT-00108','sportsone',NULL,'CATEGORY-00040',NULL,NULL,NULL,0,0,NULL,'2008-09-25');
INSERT INTO PRODUCT VALUES('PRODUCT-00109','sportsone',NULL,NULL,NULL,NULL,NULL,0,0,NULL,'2008-09-25');
INSERT INTO PRODUCT VALUES('PRODUCT-00110','sportsone',NULL,'CATEGORY-00042',NULL,NULL,NULL,0,0,NULL,'2008-09-25');
INSERT INTO PRODUCT VALUES('PRODUCT-00111','sportsone',NULL,NULL,NULL,NULL,NULL,0,0,NULL,'2008-09-25');
INSERT INTO PRODUCT VALUES('PRODUCT-00112','sportsone',NULL,'CATEGORY-00044',NULL,NULL,NULL,0,0,NULL,'2008-09-25');
INSERT INTO PRODUCT VALUES('PRODUCT-00113','sportsone',NULL,NULL,NULL,NULL,NULL,0,0,NULL,'2008-09-25');
INSERT INTO PRODUCT VALUES('PRODUCT-00114','sportsone',NULL,'CATEGORY-00046',NULL,NULL,NULL,0,0,NULL,'2008-09-25');
INSERT INTO PRODUCT VALUES('PRODUCT-00115','sportsone',NULL,NULL,NULL,NULL,NULL,0,0,NULL,'2008-09-25');
INSERT INTO PRODUCT VALUES('PRODUCT-00116','sportsone',NULL,'CATEGORY-00048',NULL,NULL,NULL,0,0,NULL,'2008-09-25');
INSERT INTO PRODUCT VALUES('PRODUCT-00117','sportsone',NULL,NULL,NULL,NULL,NULL,0,0,NULL,'2008-09-25');
INSERT INTO PRODUCT VALUES('PRODUCT-00118','sportsone',NULL,'CATEGORY-00050',NULL,NULL,NULL,0,0,NULL,'2008-09-25');
INSERT INTO PRODUCT VALUES('PRODUCT-00119','sportsone',NULL,NULL,NULL,NULL,NULL,0,0,NULL,'2008-09-25');
INSERT INTO PRODUCT VALUES('PRODUCT-00120','sportsone',NULL,'CATEGORY-00052',NULL,NULL,NULL,0,0,NULL,'2008-09-26');
INSERT INTO PRODUCT VALUES('PRODUCT-00121','sportsone',NULL,'CATEGORY-00054',NULL,NULL,NULL,0,0,NULL,'2008-09-26');
INSERT INTO PRODUCT VALUES('PRODUCT-00122','sportsone',NULL,NULL,NULL,NULL,NULL,0,0,NULL,'2008-09-26');
INSERT INTO PRODUCT VALUES('PRODUCT-00123','sportsone',NULL,'CATEGORY-00056',NULL,NULL,NULL,0,0,NULL,'2008-09-26');
INSERT INTO PRODUCT VALUES('PRODUCT-00124','sportsone',NULL,NULL,NULL,NULL,NULL,0,0,NULL,'2008-09-26');
INSERT INTO PRODUCT VALUES('PRODUCT-00125','test product','admin','CATEGORY-00001','test','','Y',1,100,NULL,'2009-11-12');
INSERT INTO GROUPS VALUES('GRP-0001','HeadQuarter','20090701','20091209');
INSERT INTO GROUPS VALUES('GRP-0002','Manufacturing Cen.','20090701','20091209');
INSERT INTO GROUPS VALUES('GRP-0003','Household','20090701','20091209');
INSERT INTO GROUPS VALUES('GRP-0004','TV','20090701','20091104');
INSERT INTO GROUPS VALUES('GRP-0005','Washing Machine',NULL,'20091209');
INSERT INTO GROUPS VALUES('GRP-0007','MP3','20090701','20091104');
INSERT INTO GROUPS VALUES('GRP-0008','Part','20090701','20091209');
INSERT INTO GROUPS VALUES('GRP-0009','Battery','20090701','20091209');
INSERT INTO GROUPS VALUES('GRP-0010','Display','20090701','20091209');
INSERT INTO GROUPS VALUES('GRP-0011','Substrate','20090701','20091209');
INSERT INTO GROUPS VALUES('GRP-0012','Semiconductor','20090701','20091209');
INSERT INTO GROUPS VALUES('GRP-0013','Mobile Phones','20090701','20091209');
INSERT INTO GROUPS VALUES('GRP-0014','Quality Mng.','20090701','20091209');
INSERT INTO GROUPS VALUES('GRP-0015','Household Quality Mng.','20090701','20091209');
INSERT INTO GROUPS VALUES('GRP-0016','Part Quality Mng.','20090701','20091209');
INSERT INTO GROUPS VALUES('GRP-0039','Refrigerator',NULL,'20091209');
INSERT INTO GROUPS VALUES('GRP-0047','Overseas','20090826','20091209');
INSERT INTO GROUPS VALUES('GRP-0049','C/S center','20090826','20091209');
INSERT INTO GROUPS VALUES('GRP-0134','Air Conditioning','20090903','20091209');
INSERT INTO GROUPS VALUES('GRP-0135','LED','20090904','20091230');
INSERT INTO GROUPS VALUES('GRP-0138','Oversear C/S','20090909','20091209');
INSERT INTO GROUPS VALUES('GRP-0139','Business Support','20090909','20091209');
INSERT INTO GROUPS VALUES('GRP-0140','Human Resource','20091102','20091209');
INSERT INTO GROUPS VALUES('GRP-0141','R&D','20091102','20091209');
INSERT INTO GROUPS VALUES('GRP-0142','Secretary','20091104','20091209');
INSERT INTO GROUPS VALUES('GRP-0152','Customer','20091104','20091209');
INSERT INTO GROUPS_HIERARCHY VALUES('GRP-0001','GRP-0002','20090701',NULL);
INSERT INTO GROUPS_HIERARCHY VALUES('GRP-0001','GRP-0139','20090909',NULL);
INSERT INTO GROUPS_HIERARCHY VALUES('GRP-0001','GRP-0140','20091102',NULL);
INSERT INTO GROUPS_HIERARCHY VALUES('GRP-0001','GRP-0141','20091102',NULL);
INSERT INTO GROUPS_HIERARCHY VALUES('GRP-0001','GRP-0152','20091104',NULL);
INSERT INTO GROUPS_HIERARCHY VALUES('GRP-0002','GRP-0003','20090701',NULL);
INSERT INTO GROUPS_HIERARCHY VALUES('GRP-0002','GRP-0007','20090701',NULL);
INSERT INTO GROUPS_HIERARCHY VALUES('GRP-0002','GRP-0008','20090701',NULL);
INSERT INTO GROUPS_HIERARCHY VALUES('GRP-0002','GRP-0013','20090701',NULL);
INSERT INTO GROUPS_HIERARCHY VALUES('GRP-0002','GRP-0014','20090701',NULL);
INSERT INTO GROUPS_HIERARCHY VALUES('GRP-0003','GRP-0004','20090701',NULL);
INSERT INTO GROUPS_HIERARCHY VALUES('GRP-0003','GRP-0005','20090701',NULL);
INSERT INTO GROUPS_HIERARCHY VALUES('GRP-0003','GRP-0039','20090714',NULL);
INSERT INTO GROUPS_HIERARCHY VALUES('GRP-0003','GRP-0134','20090903',NULL);
INSERT INTO GROUPS_HIERARCHY VALUES('GRP-0004','GRP-0135','20090904',NULL);
INSERT INTO GROUPS_HIERARCHY VALUES('GRP-0008','GRP-0009','20090701',NULL);
INSERT INTO GROUPS_HIERARCHY VALUES('GRP-0008','GRP-0010','20090701',NULL);
INSERT INTO GROUPS_HIERARCHY VALUES('GRP-0008','GRP-0011','20090701',NULL);
INSERT INTO GROUPS_HIERARCHY VALUES('GRP-0008','GRP-0012','20090701',NULL);
INSERT INTO GROUPS_HIERARCHY VALUES('GRP-0013','GRP-0047','20090826',NULL);
INSERT INTO GROUPS_HIERARCHY VALUES('GRP-0014','GRP-0015','20090701',NULL);
INSERT INTO GROUPS_HIERARCHY VALUES('GRP-0014','GRP-0016','20090701',NULL);
INSERT INTO GROUPS_HIERARCHY VALUES('GRP-0014','GRP-0049','20090826',NULL);
INSERT INTO GROUPS_HIERARCHY VALUES('GRP-0049','GRP-0138','20090909',NULL);
INSERT INTO GROUPS_HIERARCHY VALUES('GRP-0139','GRP-0142','20091104',NULL);
INSERT INTO USERS VALUES('2ne1','twoanyone_mod','2ne1','Y','20091102','');
INSERT INTO USERS VALUES('2pmjaebum','parkjaebum','2pmjaebum','Y','20090909',NULL);
INSERT INTO USERS VALUES('4minute','4boyoung','4minute','Y','20090909','20100104');
INSERT INTO USERS VALUES('4shimii','sushigoya','4shimii','Y','20090908',NULL);
INSERT INTO USERS VALUES('8eight','kimpalme','8eight','Y','20090909',NULL);
INSERT INTO USERS VALUES('JunpoyoKu','\uc774\ubbfc\ud638','rhvskawnsvy','Y',NULL,'20100104');
INSERT INTO USERS VALUES('Nogadaking','Nogangwang','Nogadaking','Y','20090908',NULL);
INSERT INTO USERS VALUES('PMadobe','PMadobe','PMadobe','Y','20090908',NULL);
INSERT INTO USERS VALUES('Unlimited','YooJaesuk','muhandd','Y',NULL,NULL);
INSERT INTO USERS VALUES('abracatabra','browneyedgirls','abracatabra','Y','20090909',NULL);
INSERT INTO USERS VALUES('admin','Admin User','admin123','Y','20090630',NULL);
INSERT INTO USERS VALUES('againagain','two PM','againagain','Y','20090909',NULL);
INSERT INTO USERS VALUES('alldaywork','SeoyoungUp%','alldaywork','Y','20090908',NULL);
INSERT INTO USERS VALUES('alluneedislove','johnlenonn','alluneedislove','Y','20090909',NULL);
INSERT INTO USERS VALUES('anyframeIAM','anyframeIAM','anyframeIAM','Y','20091104',NULL);
INSERT INTO USERS VALUES('badgirlcl','chelin','badgirlcl','Y','20090909',NULL);
INSERT INTO USERS VALUES('bearbin.song','song','rhadksla','Y','20090111',NULL);
INSERT INTO USERS VALUES('bighead','kwoneeihyon','bighead','Y','20090908',NULL);
INSERT INTO USERS VALUES('bluesky','parkgiyoung','bluesky','Y','20090908',NULL);
INSERT INTO USERS VALUES('browneyedgirs','parkgain','browneyedgirs','Y','20090909',NULL);
INSERT INTO USERS VALUES('butterfly','jinjung','butterfly','Y','20090909',NULL);
INSERT INTO USERS VALUES('callmecallme','taegoon','callmecallme','Y','20090908',NULL);
INSERT INTO USERS VALUES('callyou','heokyoungyoung','callyou','Y','20090908',NULL);
INSERT INTO USERS VALUES('candyinmyerr','baekjiyoung','candyinmyerr','Y','20090909',NULL);
INSERT INTO USERS VALUES('cantleave','leegain','cantleave','Y','20090908',NULL);
INSERT INTO USERS VALUES('chaos1','Super Admin','chaos1','Y','20090909',NULL);
INSERT INTO USERS VALUES('cobolx','cobolt','cobolx','Y','20090908',NULL);
INSERT INTO USERS VALUES('codingmachine','ComeWoongbin','codingmachine','Y','20090908',NULL);
INSERT INTO USERS VALUES('coolface','jesica','coolface','Y','20090909',NULL);
INSERT INTO USERS VALUES('danpabangsong','bongsongdan','danpabangsong','Y','20090908',NULL);
INSERT INTO USERS VALUES('darkness','Johndark','darkness','Y','20090909',NULL);
INSERT INTO USERS VALUES('deleteTest','testDelete','deleteTest','Y','20090908',NULL);
INSERT INTO USERS VALUES('dontcry','leewoosun','dontcry','Y','20090909',NULL);
INSERT INTO USERS VALUES('donttellme12','kimjeonghoon','donttellme12','Y','20090909',NULL);
INSERT INTO USERS VALUES('drunkenman','seojodan','drunkenman','Y','20090909',NULL);
INSERT INTO USERS VALUES('editplus','nojisim','editplus','Y','20090908',NULL);
INSERT INTO USERS VALUES('encore','youtube','encore','Y','20090908',NULL);
INSERT INTO USERS VALUES('eunjin.jang','JangEunjin','dmswls098','Y','20090715',NULL);
INSERT INTO USERS VALUES('excelman','LeeManPyo','excelman','Y','20090908',NULL);
INSERT INTO USERS VALUES('fallinlove','parkbom','fallinlove','Y','20090909',NULL);
INSERT INTO USERS VALUES('flexablechoi','Choikangyoung','flexablechoi','Y','20090908',NULL);
INSERT INTO USERS VALUES('flowKo','MaDongTak','flowKo','Y','20090908',NULL);
INSERT INTO USERS VALUES('gagconcert','GagConcert','gagconcert','Y','20090907',NULL);
INSERT INTO USERS VALUES('geenieforyou','girlsgenaration','geenieforyou','Y','20090909',NULL);
INSERT INTO USERS VALUES('getawayman','candyman','getawayman','Y','20090909',NULL);
INSERT INTO USERS VALUES('gogojiyoung','kojiyoung','gogojiyoung','Y','20090908',NULL);
INSERT INTO USERS VALUES('gossipman','kimgunmo','gossipman','Y','20090909',NULL);
INSERT INTO USERS VALUES('grandslam99','mandosmash','grandslam99','Y','20090908',NULL);
INSERT INTO USERS VALUES('greennaver','Navywonder','greennaver','Y','20090909',NULL);
INSERT INTO USERS VALUES('grrrrrrrrrrrr','guhara','grrrrrrrrrrrr','Y','20090909',NULL);
INSERT INTO USERS VALUES('hahaya','hadonggyun','hahaya','N','20090826',NULL);
INSERT INTO USERS VALUES('hakjung.song','SongHakjong','thdzhcl12','Y','20090224',NULL);
INSERT INTO USERS VALUES('hamcute.ham','HamHyunjung','hamcutezz','Y','20020511',NULL);
INSERT INTO USERS VALUES('healer','pristjordan','healer','Y','20090909',NULL);
INSERT INTO USERS VALUES('hg0503.lee','LeeHangi','ghksrl123','Y','20090225',NULL);
INSERT INTO USERS VALUES('hj71.song','SongHyunjung','guswjd123','Y','20050301',NULL);
INSERT INTO USERS VALUES('hl.hwang','HwangHyelin','gPfls11','Y','20050930',NULL);
INSERT INTO USERS VALUES('hm.baik','BaikHaemyung','hamham','N','19990809',NULL);
INSERT INTO USERS VALUES('honeyhoney','hoyoung','honeyhoney','Y','20090909',NULL);
INSERT INTO USERS VALUES('hotissue','sunglasses','hotissue','Y','20090909',NULL);
INSERT INTO USERS VALUES('hw.jeung','JeungHewon','gmldnjs','Y','20090715',NULL);
INSERT INTO USERS VALUES('hwayobee','parkhwayobee','hwayobee','Y','20090909',NULL);
INSERT INTO USERS VALUES('hy8686.kim','KimHaeyoung','8686khy','Y','20080506',NULL);
INSERT INTO USERS VALUES('hyoungbae.jeon','JeonHyoungbae','hbj123','Y','20090213',NULL);
INSERT INTO USERS VALUES('iamtestID','iamTestID','iamtestID','Y','20090828',NULL);
INSERT INTO USERS VALUES('ididitall','yougajin','ididitall','Y','20090908',NULL);
INSERT INTO USERS VALUES('idontcare','gongminji','idontcare','Y','20090908',NULL);
INSERT INTO USERS VALUES('iloveyou','ohseahoon','iloveyou','Y','20090908',NULL);
INSERT INTO USERS VALUES('insuni','choiinsoon','insuni','Y','20090908',NULL);
INSERT INTO USERS VALUES('insuun.choi','ChoiInsun','dlstnsl','Y','20090224',NULL);
INSERT INTO USERS VALUES('isingusing','nojiwon','isingusing','Y','20090908',NULL);
INSERT INTO USERS VALUES('jaemin.joe','JoeJaemin','jamtol123','Y','20090315',NULL);
INSERT INTO USERS VALUES('jandeekum','Koohyesun','Rhcska11','N','20090214',NULL);
INSERT INTO USERS VALUES('janjin','ParkChungJae','junjun123','Y','20020202',NULL);
INSERT INTO USERS VALUES('jdkgrammer','hyoungsang','jdkgrammer','Y','20090908',NULL);
INSERT INTO USERS VALUES('je33.lee','LeeJungen','Eodrmfl','Y','20040406',NULL);
INSERT INTO USERS VALUES('jh007.cho','ChoJahyong','whwkdgud','Y','19990905',NULL);
INSERT INTO USERS VALUES('jh330.jang','JangJaehyun','jaehyenzz','Y','20090224',NULL);
INSERT INTO USERS VALUES('jhluv.kim','KimJunhee','danieljun','Y','20090224',NULL);
INSERT INTO USERS VALUES('jinchoi','ChoiJinwoo','jinchoi55','Y','20090714',NULL);
INSERT INTO USERS VALUES('jiyoung.tak','TakJiyoung1','takji11','Y',NULL,NULL);
INSERT INTO USERS VALUES('jonghoon80','KimJonghoon','QMslehfl','Y','20050403',NULL);
INSERT INTO USERS VALUES('jongpil','\ubc15\uc885\ud544','jongpil','Y','20091104',NULL);
INSERT INTO USERS VALUES('js0124.youn','YounJeungsup','4ckdnjs12','Y','20010201',NULL);
INSERT INTO USERS VALUES('juhan812.bae','BaeJuhan','hanibro12','Y','20020316',NULL);
INSERT INTO USERS VALUES('juho.van','VanJuho','vanpro','Y','20090105',NULL);
INSERT INTO USERS VALUES('junyeong.son','SonJunYeong','sjy123','Y','20080103',NULL);
INSERT INTO USERS VALUES('jy0428.ko','KoJiyoung','quffh1234','Y','20090224',NULL);
INSERT INTO USERS VALUES('kimaeng.jun','JunKimaeng','maeng1234','Y','20020605',NULL);
INSERT INTO USERS VALUES('kisskisskiss','sandara','kisskisskiss','Y','20090909',NULL);
INSERT INTO USERS VALUES('kissme123','Damdi','kissme123','Y','20090908',NULL);
INSERT INTO USERS VALUES('kwill','kaywill','kwill','Y','20090909',NULL);
INSERT INTO USERS VALUES('lierlier123','tiara','lierlier123','Y','20090909',NULL);
INSERT INTO USERS VALUES('likeyou1983','gadekyeom','likeyou1983','Y','20090908',NULL);
INSERT INTO USERS VALUES('loverain','kimtaewoo','loverain','Y','20090909',NULL);
INSERT INTO USERS VALUES('lunchtimeiiii','jumgsimsi','lunchtimeiiii','Y','20090908',NULL);
INSERT INTO USERS VALUES('maesil.jo','josungmo','maesil.jo','Y','20090909',NULL);
INSERT INTO USERS VALUES('malmalmal','brocolii','malmalmal','Y','20090908',NULL);
INSERT INTO USERS VALUES('mammamia','predmucueri','mammamia','Y','20090909',NULL);
INSERT INTO USERS VALUES('manager','General Manager','manager','Y','20091103',NULL);
INSERT INTO USERS VALUES('manual','Mayouyoung','manual','Y','20090908',NULL);
INSERT INTO USERS VALUES('mcmong','moyoungkyu','mcmong','Y','20090909',NULL);
INSERT INTO USERS VALUES('mech.cho','ChoKyusik','trotcho','Y','19970316',NULL);
INSERT INTO USERS VALUES('melong99','MeLoNa','melong99','Y','20090828',NULL);
INSERT INTO USERS VALUES('missallsunday','Nikorobbin','missallsunday','Y','20090908',NULL);
INSERT INTO USERS VALUES('misslee','gangboojang','misslee','Y','20090908',NULL);
INSERT INTO USERS VALUES('misteryjj','jeongjejin','misteryjj','Y','20090908',NULL);
INSERT INTO USERS VALUES('moonwalk','yangjoonhyok','moonwalk','Y','20090908',NULL);
INSERT INTO USERS VALUES('moosung.lee','LeeMoosung','antjddl','Y','20030607',NULL);
INSERT INTO USERS VALUES('morderntimes','chili','morderntimes','Y','20090908',NULL);
INSERT INTO USERS VALUES('mudtang','takjinwook','mudtang','Y','20090908',NULL);
INSERT INTO USERS VALUES('my1223.kwon','KwonMunyoung','ansuddlsnsk','Y','20010331',NULL);
INSERT INTO USERS VALUES('mylife4our','Zelot','mylife4our','Y','20090908',NULL);
INSERT INTO USERS VALUES('mysong1234','nanoen','mysong1234','Y','20090908',NULL);
INSERT INTO USERS VALUES('nabi','nabi','nabi','Y','20090909',NULL);
INSERT INTO USERS VALUES('nightlight','branddennight','nightlight','Y','20090908',NULL);
INSERT INTO USERS VALUES('nofear','roister','nofear','Y','20090908',NULL);
INSERT INTO USERS VALUES('oceanprince','parkmyoungsoo','oceanprince','Y','20090909',NULL);
INSERT INTO USERS VALUES('ohlady','hwanhee','ohlady','Y','20090909',NULL);
INSERT INTO USERS VALUES('oldDevil','ParkMyungSoo','kusung12','Y','20060812',NULL);
INSERT INTO USERS VALUES('outsidejo','Joinsung','outsidejo','Y','20090908',NULL);
INSERT INTO USERS VALUES('outsider','outsider','outsider','Y','20090730',NULL);
INSERT INTO USERS VALUES('pilyoon.kim','KimPilyoon','vlfdbs11','Y','20090204',NULL);
INSERT INTO USERS VALUES('prospring','prospring','prospring','N','20091029',NULL);
INSERT INTO USERS VALUES('raegyu.park','ParkRaegyu','forbdlaekd','Y','20070809',NULL);
INSERT INTO USERS VALUES('redlipstick','nojimin','redlipstick','Y','20090909',NULL);
INSERT INTO USERS VALUES('robben.kim','KimSeungryong','jackey','Y','19960205',NULL);
INSERT INTO USERS VALUES('robbenkim','\uae40\uc131\ub8e1','robbenkim','Y','20090729',NULL);
INSERT INTO USERS VALUES('sanggeol.kim','KimSanggeol','sg1234','Y','20090224',NULL);
INSERT INTO USERS VALUES('sayido','promisejean','sayido','Y','20090909',NULL);
INSERT INTO USERS VALUES('sg79.hwang','HwangSangGu','hwang123','Y','19980908',NULL);
INSERT INTO USERS VALUES('sh0515.jung','JungSunghwan','mmasdf','Y','20090111',NULL);
INSERT INTO USERS VALUES('sh1117.lim','LimSanghun','overgeniuos','Y','20070605',NULL);
INSERT INTO USERS VALUES('shesgone','Kush','shesgone','Y','20090908',NULL);
INSERT INTO USERS VALUES('shougun','suejane','shougun','Y','20090909',NULL);
INSERT INTO USERS VALUES('shsean.lee','Leeseanheang','tjsgod','N','20010306',NULL);
INSERT INTO USERS VALUES('singi9090','leesingi','singi9090','Y','20090908',NULL);
INSERT INTO USERS VALUES('singleman','samsung','singleman','Y','20090828',NULL);
INSERT INTO USERS VALUES('sj49.lee','LeeSoojung','tnwjd123','Y','20090617',NULL);
INSERT INTO USERS VALUES('skidashi','banchanho','skidashi','Y','20090908',NULL);
INSERT INTO USERS VALUES('skinhead','hongdaeri','skinhead','Y','20090908',NULL);
INSERT INTO USERS VALUES('sorrybut','josoyoung','sorrybut','Y','20090908',NULL);
INSERT INTO USERS VALUES('step1','Leedanhee','step1','Y','20090908',NULL);
INSERT INTO USERS VALUES('studentj','jojaemtol','studentj','Y','20090909',NULL);
INSERT INTO USERS VALUES('sungan.kim','KimSungan','jquery12','N','20090701',NULL);
INSERT INTO USERS VALUES('sunghyung.eum','EumSungHyun','djatjdgus11','Y','20090224',NULL);
INSERT INTO USERS VALUES('sunwoohwan','Leesenunggi','moneymine','N','20090420',NULL);
INSERT INTO USERS VALUES('superck.kim','KimChangken','crownck','Y','20050505',NULL);
INSERT INTO USERS VALUES('superman','duckclock','superman','Y','20090909',NULL);
INSERT INTO USERS VALUES('sw.yoo','YooSengwan','dhsdiddml','Y','20030305',NULL);
INSERT INTO USERS VALUES('taeheetf','KinTaehee','taeheelub','Y','20010205',NULL);
INSERT INTO USERS VALUES('taijiboys','SeoTaiji','ehswnj11','Y','19940608',NULL);
INSERT INTO USERS VALUES('takyoun','takyoun','takyoun','Y','20090909',NULL);
INSERT INTO USERS VALUES('tang9','taeyoun','tang9','Y','20090909',NULL);
INSERT INTO USERS VALUES('test','test User','test','Y','20090731',NULL);
INSERT INTO USERS VALUES('test0813','\ud14c\uc2a4\ud2b80813','test0813','Y','20090813',NULL);
INSERT INTO USERS VALUES('test123','asdfsdf','test123','Y','20091020',NULL);
INSERT INTO USERS VALUES('testuser','testuser','testuser','Y','20090908',NULL);
INSERT INTO USERS VALUES('testuser123','testuser','testuser123','Y','20090908',NULL);
INSERT INTO USERS VALUES('tigerjk','SeoJungKwon','drunkentg','Y','19960606',NULL);
INSERT INTO USERS VALUES('tmaprlfl123','Semekiri','tmaprlfl123','Y','20090908',NULL);
INSERT INTO USERS VALUES('trust.park','ParkJunsu','wnstnqkr','Y','20080705',NULL);
INSERT INTO USERS VALUES('upate','OdaHeichiro','upate','Y','20090908',NULL);
INSERT INTO USERS VALUES('user','General user','user','Y','20090909',NULL);
INSERT INTO USERS VALUES('woainee','chinchin','woainee','Y','20090909',NULL);
INSERT INTO USERS VALUES('workholic','socialNetwork','workholic','Y','20090908',NULL);
INSERT INTO USERS VALUES('yjsec.kim','KimYunjoong','kyjqwer','Y','20040405',NULL);
INSERT INTO USERS VALUES('yoraremygirl','leeseungki','yoraremygirl','Y','20090909',NULL);
INSERT INTO USERS VALUES('youjin07.kim','KimYoujin','dbwlsdll','Y','20070812',NULL);
INSERT INTO USERS VALUES('youngheemom','choiyounghee%','youngheemom','Y','20090908',NULL);
INSERT INTO USERS VALUES('youngki.kim','KimYoungki','ykcjfja','N','20090224',NULL);
INSERT INTO USERS VALUES('youngmin.jo','JoYoungmin','password','Y','20090715',NULL);
INSERT INTO USERS VALUES('youngnam06.choi','ChoiYoungnam','ynakstp','Y','20040311',NULL);
INSERT INTO USERS VALUES('yumi85.seung','SeungYumi','dbalek','Y','20081021',NULL);
INSERT INTO USERS VALUES('yunjiyj.lee','LeeYunji','yjyj1234','Y','20090224',NULL);
INSERT INTO GROUPS_USERS VALUES('GRP-0001','2ne1','20091102',NULL);
INSERT INTO GROUPS_USERS VALUES('GRP-0001','bearbin.song','20091008',NULL);
INSERT INTO GROUPS_USERS VALUES('GRP-0001','deleteTest','20090908',NULL);
INSERT INTO GROUPS_USERS VALUES('GRP-0001','excelman','20090908',NULL);
INSERT INTO GROUPS_USERS VALUES('GRP-0001','manual','20090908',NULL);
INSERT INTO GROUPS_USERS VALUES('GRP-0001','morderntimes','20090908',NULL);
INSERT INTO GROUPS_USERS VALUES('GRP-0001','singleman','20090828',NULL);
INSERT INTO GROUPS_USERS VALUES('GRP-0001','test123','20091021',NULL);
INSERT INTO GROUPS_USERS VALUES('GRP-0001','workholic','20090908',NULL);
INSERT INTO GROUPS_USERS VALUES('GRP-0002','alldaywork','20090908',NULL);
INSERT INTO GROUPS_USERS VALUES('GRP-0002','codingmachine','20090908',NULL);
INSERT INTO GROUPS_USERS VALUES('GRP-0002','flowKo','20090908',NULL);
INSERT INTO GROUPS_USERS VALUES('GRP-0002','hm.baik',NULL,NULL);
INSERT INTO GROUPS_USERS VALUES('GRP-0002','jandeekum',NULL,NULL);
INSERT INTO GROUPS_USERS VALUES('GRP-0002','juho.van',NULL,NULL);
INSERT INTO GROUPS_USERS VALUES('GRP-0002','missallsunday','20090908',NULL);
INSERT INTO GROUPS_USERS VALUES('GRP-0002','shsean.lee',NULL,NULL);
INSERT INTO GROUPS_USERS VALUES('GRP-0002','step1','20090908',NULL);
INSERT INTO GROUPS_USERS VALUES('GRP-0003','Nogadaking','20091021',NULL);
INSERT INTO GROUPS_USERS VALUES('GRP-0003','PMadobe','20090908',NULL);
INSERT INTO GROUPS_USERS VALUES('GRP-0003','flexablechoi','20090908',NULL);
INSERT INTO GROUPS_USERS VALUES('GRP-0003','hw.jeung','20090828','20090825');
INSERT INTO GROUPS_USERS VALUES('GRP-0003','iamtestID',NULL,NULL);
INSERT INTO GROUPS_USERS VALUES('GRP-0003','junyeong.son','20090825','20090825');
INSERT INTO GROUPS_USERS VALUES('GRP-0003','kissme123','20090908',NULL);
INSERT INTO GROUPS_USERS VALUES('GRP-0003','manager','20091103',NULL);
INSERT INTO GROUPS_USERS VALUES('GRP-0003','oldDevil',NULL,NULL);
INSERT INTO GROUPS_USERS VALUES('GRP-0003','sj49.lee',NULL,NULL);
INSERT INTO GROUPS_USERS VALUES('GRP-0004','JunpoyoKu','20090902',NULL);
INSERT INTO GROUPS_USERS VALUES('GRP-0004','cobolx','20090908',NULL);
INSERT INTO GROUPS_USERS VALUES('GRP-0004','editplus','20090908',NULL);
INSERT INTO GROUPS_USERS VALUES('GRP-0004','hy8686.kim',NULL,NULL);
INSERT INTO GROUPS_USERS VALUES('GRP-0004','jdkgrammer','20090908',NULL);
INSERT INTO GROUPS_USERS VALUES('GRP-0004','jy0428.ko',NULL,NULL);
INSERT INTO GROUPS_USERS VALUES('GRP-0004','moonwalk','20090908',NULL);
INSERT INTO GROUPS_USERS VALUES('GRP-0004','mudtang','20090908',NULL);
INSERT INTO GROUPS_USERS VALUES('GRP-0004','nofear','20090908',NULL);
INSERT INTO GROUPS_USERS VALUES('GRP-0004','sunghyung.eum',NULL,NULL);
INSERT INTO GROUPS_USERS VALUES('GRP-0005','bluesky','20090908',NULL);
INSERT INTO GROUPS_USERS VALUES('GRP-0005','eunjin.jang','20090908',NULL);
INSERT INTO GROUPS_USERS VALUES('GRP-0005','hyoungbae.jeon',NULL,NULL);
INSERT INTO GROUPS_USERS VALUES('GRP-0005','iloveyou','20090908',NULL);
INSERT INTO GROUPS_USERS VALUES('GRP-0005','kimaeng.jun',NULL,NULL);
INSERT INTO GROUPS_USERS VALUES('GRP-0005','malmalmal','20090908',NULL);
INSERT INTO GROUPS_USERS VALUES('GRP-0005','shesgone','20090908',NULL);
INSERT INTO GROUPS_USERS VALUES('GRP-0005','superck.kim',NULL,NULL);
INSERT INTO GROUPS_USERS VALUES('GRP-0007','insuun.choi',NULL,NULL);
INSERT INTO GROUPS_USERS VALUES('GRP-0007','isingusing','20090908',NULL);
INSERT INTO GROUPS_USERS VALUES('GRP-0007','mech.cho',NULL,NULL);
INSERT INTO GROUPS_USERS VALUES('GRP-0007','mylife4our','20090908',NULL);
INSERT INTO GROUPS_USERS VALUES('GRP-0007','skidashi','20090908',NULL);
INSERT INTO GROUPS_USERS VALUES('GRP-0007','sw.yoo',NULL,NULL);
INSERT INTO GROUPS_USERS VALUES('GRP-0007','youngheemom','20090908',NULL);
INSERT INTO GROUPS_USERS VALUES('GRP-0008','jaemin.joe',NULL,NULL);
INSERT INTO GROUPS_USERS VALUES('GRP-0008','lunchtimeiiii','20090908',NULL);
INSERT INTO GROUPS_USERS VALUES('GRP-0008','misslee','20090908',NULL);
INSERT INTO GROUPS_USERS VALUES('GRP-0008','moosung.lee',NULL,NULL);
INSERT INTO GROUPS_USERS VALUES('GRP-0008','mysong1234','20090908',NULL);
INSERT INTO GROUPS_USERS VALUES('GRP-0008','sunwoohwan',NULL,NULL);
INSERT INTO GROUPS_USERS VALUES('GRP-0008','taeheetf',NULL,NULL);
INSERT INTO GROUPS_USERS VALUES('GRP-0008','tmaprlfl123','20090908',NULL);
INSERT INTO GROUPS_USERS VALUES('GRP-0009','4shimii','20091104',NULL);
INSERT INTO GROUPS_USERS VALUES('GRP-0009','darkness','20090909',NULL);
INSERT INTO GROUPS_USERS VALUES('GRP-0009','encore','20090908',NULL);
INSERT INTO GROUPS_USERS VALUES('GRP-0009','grandslam99','20090908',NULL);
INSERT INTO GROUPS_USERS VALUES('GRP-0009','healer','20090909',NULL);
INSERT INTO GROUPS_USERS VALUES('GRP-0009','insuni','20090908',NULL);
INSERT INTO GROUPS_USERS VALUES('GRP-0009','janjin',NULL,NULL);
INSERT INTO GROUPS_USERS VALUES('GRP-0009','my1223.kwon',NULL,NULL);
INSERT INTO GROUPS_USERS VALUES('GRP-0009','singi9090','20090908',NULL);
INSERT INTO GROUPS_USERS VALUES('GRP-0009','trust.park',NULL,NULL);
INSERT INTO GROUPS_USERS VALUES('GRP-0010','2pmjaebum','20090909',NULL);
INSERT INTO GROUPS_USERS VALUES('GRP-0010','Unlimited','20090825','20090825');
INSERT INTO GROUPS_USERS VALUES('GRP-0010','candyinmyerr','20090909',NULL);
INSERT INTO GROUPS_USERS VALUES('GRP-0010','hahaya','20090826','20090826');
INSERT INTO GROUPS_USERS VALUES('GRP-0010','je33.lee',NULL,NULL);
INSERT INTO GROUPS_USERS VALUES('GRP-0010','pilyoon.kim',NULL,NULL);
INSERT INTO GROUPS_USERS VALUES('GRP-0010','prospring','20091029',NULL);
INSERT INTO GROUPS_USERS VALUES('GRP-0010','shougun','20090909',NULL);
INSERT INTO GROUPS_USERS VALUES('GRP-0010','takyoun','20090909',NULL);
INSERT INTO GROUPS_USERS VALUES('GRP-0010','yjsec.kim',NULL,NULL);
INSERT INTO GROUPS_USERS VALUES('GRP-0011','badgirlcl','20090909',NULL);
INSERT INTO GROUPS_USERS VALUES('GRP-0011','dontcry','20090909',NULL);
INSERT INTO GROUPS_USERS VALUES('GRP-0011','getawayman','20090909',NULL);
INSERT INTO GROUPS_USERS VALUES('GRP-0011','jh007.cho',NULL,NULL);
INSERT INTO GROUPS_USERS VALUES('GRP-0011','jinchoi',NULL,NULL);
INSERT INTO GROUPS_USERS VALUES('GRP-0011','melong99',NULL,NULL);
INSERT INTO GROUPS_USERS VALUES('GRP-0011','raegyu.park',NULL,NULL);
INSERT INTO GROUPS_USERS VALUES('GRP-0011','youjin07.kim',NULL,NULL);
INSERT INTO GROUPS_USERS VALUES('GRP-0012','coolface','20090909',NULL);
INSERT INTO GROUPS_USERS VALUES('GRP-0012','fallinlove','20090909',NULL);
INSERT INTO GROUPS_USERS VALUES('GRP-0012','hakjung.song',NULL,NULL);
INSERT INTO GROUPS_USERS VALUES('GRP-0012','jh330.jang',NULL,NULL);
INSERT INTO GROUPS_USERS VALUES('GRP-0012','loverain','20090909',NULL);
INSERT INTO GROUPS_USERS VALUES('GRP-0012','oceanprince','20090909',NULL);
INSERT INTO GROUPS_USERS VALUES('GRP-0012','ohlady','20090909',NULL);
INSERT INTO GROUPS_USERS VALUES('GRP-0012','robben.kim',NULL,NULL);
INSERT INTO GROUPS_USERS VALUES('GRP-0012','testuser123','20090908',NULL);
INSERT INTO GROUPS_USERS VALUES('GRP-0012','youngki.kim',NULL,NULL);
INSERT INTO GROUPS_USERS VALUES('GRP-0013','gossipman','20090909',NULL);
INSERT INTO GROUPS_USERS VALUES('GRP-0013','greennaver','20090909',NULL);
INSERT INTO GROUPS_USERS VALUES('GRP-0013','grrrrrrrrrrrr','20090909',NULL);
INSERT INTO GROUPS_USERS VALUES('GRP-0013','hamcute.ham','20090826','20090826');
INSERT INTO GROUPS_USERS VALUES('GRP-0013','jhluv.kim',NULL,NULL);
INSERT INTO GROUPS_USERS VALUES('GRP-0013','mammamia','20090909',NULL);
INSERT INTO GROUPS_USERS VALUES('GRP-0013','sanggeol.kim',NULL,NULL);
INSERT INTO GROUPS_USERS VALUES('GRP-0013','tigerjk',NULL,NULL);
INSERT INTO GROUPS_USERS VALUES('GRP-0013','youngnam06.choi',NULL,NULL);
INSERT INTO GROUPS_USERS VALUES('GRP-0014','4minute','20091104',NULL);
INSERT INTO GROUPS_USERS VALUES('GRP-0014','abracatabra','20090909',NULL);
INSERT INTO GROUPS_USERS VALUES('GRP-0014','hg0503.lee','20090826','20090826');
INSERT INTO GROUPS_USERS VALUES('GRP-0014','honeyhoney','20090909',NULL);
INSERT INTO GROUPS_USERS VALUES('GRP-0014','jonghoon80',NULL,NULL);
INSERT INTO GROUPS_USERS VALUES('GRP-0014','nabi','20090909',NULL);
INSERT INTO GROUPS_USERS VALUES('GRP-0014','sg79.hwang',NULL,NULL);
INSERT INTO GROUPS_USERS VALUES('GRP-0014','woainee','20090909',NULL);
INSERT INTO GROUPS_USERS VALUES('GRP-0014','yumi85.seung',NULL,NULL);
INSERT INTO GROUPS_USERS VALUES('GRP-0015','admin','20090825','20090825');
INSERT INTO GROUPS_USERS VALUES('GRP-0015','chaos1','20090606',NULL);
INSERT INTO GROUPS_USERS VALUES('GRP-0015','hj71.song',NULL,NULL);
INSERT INTO GROUPS_USERS VALUES('GRP-0015','js0124.youn',NULL,NULL);
INSERT INTO GROUPS_USERS VALUES('GRP-0015','lierlier123','20090909',NULL);
INSERT INTO GROUPS_USERS VALUES('GRP-0015','maesil.jo','20090909',NULL);
INSERT INTO GROUPS_USERS VALUES('GRP-0015','mcmong','20090909',NULL);
INSERT INTO GROUPS_USERS VALUES('GRP-0015','robbenkim','20090729',NULL);
INSERT INTO GROUPS_USERS VALUES('GRP-0015','sh0515.jung',NULL,NULL);
INSERT INTO GROUPS_USERS VALUES('GRP-0015','yoraremygirl','20090909',NULL);
INSERT INTO GROUPS_USERS VALUES('GRP-0015','youngmin.jo',NULL,NULL);
INSERT INTO GROUPS_USERS VALUES('GRP-0015','yunjiyj.lee',NULL,NULL);
INSERT INTO GROUPS_USERS VALUES('GRP-0016','againagain','20090909',NULL);
INSERT INTO GROUPS_USERS VALUES('GRP-0016','alluneedislove','20090909',NULL);
INSERT INTO GROUPS_USERS VALUES('GRP-0016','donttellme12','20090909',NULL);
INSERT INTO GROUPS_USERS VALUES('GRP-0016','hl.hwang',NULL,NULL);
INSERT INTO GROUPS_USERS VALUES('GRP-0016','hwayobee','20090909',NULL);
INSERT INTO GROUPS_USERS VALUES('GRP-0016','juhan812.bae',NULL,NULL);
INSERT INTO GROUPS_USERS VALUES('GRP-0016','kwill','20090909',NULL);
INSERT INTO GROUPS_USERS VALUES('GRP-0016','sayido','20091029',NULL);
INSERT INTO GROUPS_USERS VALUES('GRP-0016','sh1117.lim',NULL,NULL);
INSERT INTO GROUPS_USERS VALUES('GRP-0016','sungan.kim',NULL,NULL);
INSERT INTO GROUPS_USERS VALUES('GRP-0016','test0813',NULL,NULL);
INSERT INTO GROUPS_USERS VALUES('GRP-0039','callmecallme','20090908',NULL);
INSERT INTO GROUPS_USERS VALUES('GRP-0039','callyou','20090908',NULL);
INSERT INTO GROUPS_USERS VALUES('GRP-0039','ididitall','20090908',NULL);
INSERT INTO GROUPS_USERS VALUES('GRP-0039','jiyoung.tak','20090828','20090828');
INSERT INTO GROUPS_USERS VALUES('GRP-0039','nightlight','20090908',NULL);
INSERT INTO GROUPS_USERS VALUES('GRP-0039','outsider','20090730',NULL);
INSERT INTO GROUPS_USERS VALUES('GRP-0039','taijiboys',NULL,NULL);
INSERT INTO GROUPS_USERS VALUES('GRP-0047','8eight','20090909',NULL);
INSERT INTO GROUPS_USERS VALUES('GRP-0047','browneyedgirs','20090909',NULL);
INSERT INTO GROUPS_USERS VALUES('GRP-0047','butterfly','20090909',NULL);
INSERT INTO GROUPS_USERS VALUES('GRP-0047','geenieforyou','20090909',NULL);
INSERT INTO GROUPS_USERS VALUES('GRP-0047','kisskisskiss','20090909',NULL);
INSERT INTO GROUPS_USERS VALUES('GRP-0047','studentj','20090909',NULL);
INSERT INTO GROUPS_USERS VALUES('GRP-0047','superman','20090909',NULL);
INSERT INTO GROUPS_USERS VALUES('GRP-0047','tang9','20090909',NULL);
INSERT INTO GROUPS_USERS VALUES('GRP-0049','drunkenman','20090909',NULL);
INSERT INTO GROUPS_USERS VALUES('GRP-0049','gagconcert','20090907',NULL);
INSERT INTO GROUPS_USERS VALUES('GRP-0049','hotissue','20090909',NULL);
INSERT INTO GROUPS_USERS VALUES('GRP-0049','redlipstick','20090909',NULL);
INSERT INTO GROUPS_USERS VALUES('GRP-0049','testuser','20090908',NULL);
INSERT INTO GROUPS_USERS VALUES('GRP-0049','user','20090506',NULL);
INSERT INTO GROUPS_USERS VALUES('GRP-0134','cantleave','20090908',NULL);
INSERT INTO GROUPS_USERS VALUES('GRP-0134','gogojiyoung','20090908',NULL);
INSERT INTO GROUPS_USERS VALUES('GRP-0134','likeyou1983','20090908',NULL);
INSERT INTO GROUPS_USERS VALUES('GRP-0134','misteryjj','20090908',NULL);
INSERT INTO GROUPS_USERS VALUES('GRP-0134','outsidejo','20090908',NULL);
INSERT INTO GROUPS_USERS VALUES('GRP-0134','skinhead','20090908',NULL);
INSERT INTO GROUPS_USERS VALUES('GRP-0134','sorrybut','20090908',NULL);
INSERT INTO GROUPS_USERS VALUES('GRP-0135','bighead','20090908',NULL);
INSERT INTO GROUPS_USERS VALUES('GRP-0135','danpabangsong','20090908',NULL);
INSERT INTO GROUPS_USERS VALUES('GRP-0135','idontcare','20090908',NULL);
INSERT INTO GROUPS_USERS VALUES('GRP-0135','upate','20090908',NULL);
INSERT INTO GROUPS_USERS VALUES('GRP-0141','jongpil','20091104',NULL);
INSERT INTO GROUPS_USERS VALUES('GRP-0152','anyframeIAM','20091104',NULL);
INSERT INTO ROLES VALUES('IS_AUTHENTICATED_ANONYMOUSLY','IS_AUTHENTICATED_ANONYMOUSLY','ANONYMOUSLY Role','20091103',NULL);
INSERT INTO ROLES VALUES('ROLE_ADMIN','ROLE_ADMIN','ADMIN Role','20091103',NULL);
INSERT INTO ROLES VALUES('ROLE_MANAGER','ROLE_MANAGER','MANAGER Role','20091103',NULL);
INSERT INTO ROLES VALUES('ROLE_STAFF','ROLE_STAFF','STAFF ROLE','20091103',NULL);
INSERT INTO ROLES VALUES('ROLE_USER','ROLE_USER','USER Role','20091103',NULL);
INSERT INTO ROLES_HIERARCHY VALUES('IS_AUTHENTICATED_ANONYMOUSLY','ROLE_USER','20091103',NULL);
INSERT INTO ROLES_HIERARCHY VALUES('ROLE_MANAGER','ROLE_ADMIN','20091103',NULL);
INSERT INTO ROLES_HIERARCHY VALUES('ROLE_STAFF','ROLE_ADMIN','20091103',NULL);
INSERT INTO ROLES_HIERARCHY VALUES('ROLE_USER','ROLE_MANAGER','20091103',NULL);
INSERT INTO SECURED_RESOURCES VALUES('MTD_000001','SAMPLE','Category Register','anyframe.iam.sample.category.service.CategoryService.create','','method',1,'20100107',NULL);
INSERT INTO SECURED_RESOURCES VALUES('MTD_000002','SAMPLE','Category Modify','anyframe.iam.sample.category.service.CategoryService.update','','method',2,'20100107',NULL);
INSERT INTO SECURED_RESOURCES VALUES('MTD_000003','SAMPLE','Category Delete','anyframe.iam.sample.category.service.CategoryService.remove','','method',3,'20100107',NULL);
INSERT INTO SECURED_RESOURCES VALUES('MTD_000004','SAMPLE','Product Register','anyframe.iam.sample.product.service.ProductService.create','','method',4,'20100107',NULL);
INSERT INTO SECURED_RESOURCES VALUES('MTD_000005','SAMPLE','Product Modify','anyframe.iam.sample.product.service.ProductService.update','','method',5,'20100107',NULL);
INSERT INTO SECURED_RESOURCES VALUES('MTD_000006','SAMPLE','Product Delete','anyframe.iam.sample.product.service.ProductService.remove','','method',6,'20100107',NULL);
INSERT INTO SECURED_RESOURCES VALUES('MTD_000007','SAMPLE','User Register','anyframe.iam.sample.users.service.UsersService.create','','method',7,'20100107',NULL);
INSERT INTO SECURED_RESOURCES VALUES('MTD_000008','SAMPLE','User Modify','anyframe.iam.sample.users.service.UsersService.update','','method',8,'20100107',NULL);
INSERT INTO SECURED_RESOURCES VALUES('MTD_000009','SAMPLE','User Delete','anyframe.iam.sample.users.service.UsersService.remove','','method',9,'20100107',NULL);
INSERT INTO SECURED_RESOURCES VALUES('PNC_000001','SAMPLE','List','execution(* anyframe.iam.sample..*Service.*List(..))','','pointcut',1,'20100107',NULL);
INSERT INTO SECURED_RESOURCES VALUES('PNC_000002','SAMPLE2','List','execution(* anyframe.iam.sample..*Service.*List(..))','','pointcut',1,'20100107',NULL);
INSERT INTO SECURED_RESOURCES VALUES('WEB-000001','SAMPLE','User Register','\A/users\.do?.*method=addView.*\Z','','url',1,'20100107',NULL);
INSERT INTO SECURED_RESOURCES VALUES('WEB-000002','SAMPLE','Category Register','\A/category\.do?.*method=addView.*\Z','','url',2,'20100107',NULL);
INSERT INTO SECURED_RESOURCES VALUES('WEB-000003','SAMPLE','Product Register','\A/product\.do?.*method=addView.*\Z','','url',3,'20100107',NULL);
INSERT INTO SECURED_RESOURCES_ROLES VALUES('MTD_000001','ROLE_ADMIN','20100524',NULL);
INSERT INTO SECURED_RESOURCES_ROLES VALUES('MTD_000002','ROLE_ADMIN','20100524',NULL);
INSERT INTO SECURED_RESOURCES_ROLES VALUES('MTD_000003','ROLE_ADMIN','20100524',NULL);
INSERT INTO SECURED_RESOURCES_ROLES VALUES('MTD_000004','ROLE_MANAGER','20100107',NULL);
INSERT INTO SECURED_RESOURCES_ROLES VALUES('MTD_000005','ROLE_MANAGER','20100107',NULL);
INSERT INTO SECURED_RESOURCES_ROLES VALUES('MTD_000006','ROLE_MANAGER','20100107',NULL);
INSERT INTO SECURED_RESOURCES_ROLES VALUES('MTD_000007','ROLE_ADMIN','20100107',NULL);
INSERT INTO SECURED_RESOURCES_ROLES VALUES('MTD_000008','ROLE_ADMIN','20100107',NULL);
INSERT INTO SECURED_RESOURCES_ROLES VALUES('MTD_000009','ROLE_ADMIN','20100107',NULL);
INSERT INTO SECURED_RESOURCES_ROLES VALUES('PNC_000001','ROLE_USER','20100107',NULL);
INSERT INTO SECURED_RESOURCES_ROLES VALUES('PNC_000002','ROLE_USER','20100107',NULL);
INSERT INTO SECURED_RESOURCES_ROLES VALUES('WEB-000001','ROLE_ADMIN','20100107',NULL);
INSERT INTO SECURED_RESOURCES_ROLES VALUES('WEB-000001','ROLE_MANAGER','20100906',NULL);
INSERT INTO SECURED_RESOURCES_ROLES VALUES('WEB-000002','ROLE_ADMIN','20100107',NULL);
INSERT INTO SECURED_RESOURCES_ROLES VALUES('WEB-000003','ROLE_MANAGER','20100107',NULL);
INSERT INTO AUTHORITIES VALUES('IS_AUTHENTICATED_ANONYMOUSLY','outsider','U','20091103',NULL);
INSERT INTO AUTHORITIES VALUES('ROLE_ADMIN','4minute','U',NULL,'20100104');
INSERT INTO AUTHORITIES VALUES('ROLE_ADMIN','JunpoyoKu','U',NULL,'20100104');
INSERT INTO AUTHORITIES VALUES('ROLE_ADMIN','aaaaaaaaaaa','U','20100104',NULL);
INSERT INTO AUTHORITIES VALUES('ROLE_ADMIN','admin','U','20091103',NULL);
INSERT INTO AUTHORITIES VALUES('ROLE_MANAGER','manager','U','20091103',NULL);
INSERT INTO AUTHORITIES VALUES('ROLE_STAFF','2ne1','U','20091103',NULL);
INSERT INTO AUTHORITIES VALUES('ROLE_STAFF','GRP-0140','G','20100422',NULL);
INSERT INTO AUTHORITIES VALUES('ROLE_STAFF','GRP-0141','G','20100422',NULL);
INSERT INTO AUTHORITIES VALUES('ROLE_STAFF','GRP-0152','G','20100422',NULL);
INSERT INTO AUTHORITIES VALUES('ROLE_USER','admin','U','20100517',NULL);
INSERT INTO AUTHORITIES VALUES('ROLE_USER','user','U','20091103',NULL);
INSERT INTO RESTRICTED_TIMES VALUES('time-00001','SAMPLE','crash',NULL,'000000',NULL,'235959','장애처리');
INSERT INTO RESTRICTED_TIMES VALUES('time-00002','SAMPLE','daily',NULL,'000000',NULL,'150000','사용제한');
INSERT INTO RESTRICTED_TIMES VALUES('time-00003','SAMPLE','weekend','20091021','000000','20091021','235959','주말');
INSERT INTO RESTRICTED_TIMES VALUES('time-00004','SAMPLE','holiday','20091019','180000','20091021','110000','휴일');
INSERT INTO RESTRICTED_TIMES VALUES('time-00005','SAMPLE','improve','20090929','200000','20090929','202959','시스템 개선');
INSERT INTO RESTRICTED_TIMES_RESOURCES VALUES('time-00002','MTD_000003');
INSERT INTO RESTRICTED_TIMES_RESOURCES VALUES('time-00002','MTD_000005');
INSERT INTO RESTRICTED_TIMES_RESOURCES VALUES('time-00002','MTD_000006');
INSERT INTO RESTRICTED_TIMES_RESOURCES VALUES('time-00003','MTD_000001');
INSERT INTO RESTRICTED_TIMES_RESOURCES VALUES('time-00003','MTD_000002');
INSERT INTO RESTRICTED_TIMES_RESOURCES VALUES('time-00003','MTD_000005');
INSERT INTO TIMES_RESOURCES_EXCLUSION VALUES('time-00003','MTD_000001','IS_AUTHENTICATED_ANONYMOUSLY');
INSERT INTO TIMES_RESOURCES_EXCLUSION VALUES('time-00003','MTD_000001','ROLE_USER');
INSERT INTO RESTRICTED_TIMES_ROLES VALUES('time-00003','ROLE_ADMIN');
INSERT INTO RESTRICTED_TIMES_ROLES VALUES('time-00004','IS_AUTHENTICATED_ANONYMOUSLY');
INSERT INTO VIEW_RESOURCES VALUES('Category','SAMPLE','Category Management','Category Management','Category mng.','','menu','Y');
INSERT INTO VIEW_RESOURCES VALUES('Category2','SAMPLE2','Category Management2','Category Management2','Category mng2.','','menu','Y');
INSERT INTO VIEW_RESOURCES VALUES('Product','SAMPLE','Product Management','Product Management','Product mng.','','menu','Y');
INSERT INTO VIEW_RESOURCES VALUES('Product2','SAMPLE2','Product Management2','Product Management2','Product mng2.','','menu','Y');
INSERT INTO VIEW_RESOURCES VALUES('User','SAMPLE','User Management','User Management','User mng.','','menu','Y');
INSERT INTO VIEW_RESOURCES VALUES('User2','SAMPLE2','User Management2','User Management2','User mng2.','','menu','Y');
INSERT INTO VIEW_RESOURCES VALUES('VIEW-00009','SAMPLE','VIEW-00009 category here','Views','VIEW-00009 description here','VIEW-00009 information here','menu','Y');
INSERT INTO VIEW_RESOURCES VALUES('VIEW-00010','SAMPLE','VIEW-00010 category here','Admin View','VIEW-00010 description here','VIEW-00010 information here','menu','Y');
INSERT INTO VIEW_RESOURCES VALUES('VIEW-00011','SAMPLE','VIEW-00011 category here','Manage View','VIEW-00011 description here','VIEW-00011 information here','menu','Y');
INSERT INTO VIEW_RESOURCES VALUES('VIEW-00012','SAMPLE','VIEW-00012 category here','User View','VIEW-00012 description here','VIEW-00012 information here','menu','Y');
INSERT INTO VIEW_RESOURCES VALUES('addCategory','SAMPLE','Category Management','Category Add','Add Category Information','','button','Y');
INSERT INTO VIEW_RESOURCES VALUES('addProduct','SAMPLE','Product Management','Product Add','Add Product Information','','button','Y');
INSERT INTO VIEW_RESOURCES VALUES('addUser','SAMPLE','User Management','User Add','Add User Information','','button','Y');
INSERT INTO VIEW_RESOURCES VALUES('deleteCategory','SAMPLE','Category Management','Category Delete','Delete Category Information','','button','Y');
INSERT INTO VIEW_RESOURCES VALUES('deleteProduct','SAMPLE','Product Management','Product Delete','Delete Product Information','','button','Y');
INSERT INTO VIEW_RESOURCES VALUES('deleteUser','SAMPLE','User Management','User Delete','Delete User Information','','button','Y');
INSERT INTO VIEW_RESOURCES VALUES('downloadCategory','SAMPLE','Category Management','Download Category List','Category List Download','','button','Y');
INSERT INTO VIEW_RESOURCES VALUES('downloadProduct','SAMPLE','Product Management','Download Product List','Product List Download','','button','N');
INSERT INTO VIEW_RESOURCES VALUES('downloadUser','SAMPLE','User Management','Download User List','User List Download','','button','Y');
INSERT INTO VIEW_RESOURCES VALUES('updateCategory','SAMPLE','Category Management','Update Category','Update Category Infomation','','button','Y');
INSERT INTO VIEW_RESOURCES VALUES('updateProduct','SAMPLE','Product Management','Update Product','Update Product Infomation','','button','Y');
INSERT INTO VIEW_RESOURCES VALUES('updateUser','SAMPLE','User Management','Update User','Update User Infomation','','button','Y');
INSERT INTO VIEW_RESOURCES VALUES('viewManagement','SAMPLE','View Management','View Management','View Management','','menu','Y');
INSERT INTO VIEW_RESOURCES VALUES('viewManagement2','SAMPLE2','View Management2','View Management2','View Management2','','menu','Y');
INSERT INTO VIEW_RESOURCES_MAPPING VALUES('VIEW-00010','ROLE_ADMIN',1,'READ','ROLE');
INSERT INTO VIEW_RESOURCES_MAPPING VALUES('VIEW-00011','ROLE_MANAGER',1,'READ','ROLE');
INSERT INTO VIEW_RESOURCES_MAPPING VALUES('VIEW-00012','ROLE_USER',1,'READ','ROLE');
INSERT INTO VIEW_RESOURCES_MAPPING VALUES('addCategory','ROLE_ADMIN',3,'READ,WRITE','ROLE');
INSERT INTO VIEW_RESOURCES_MAPPING VALUES('addUser','ROLE_ADMIN',4,'CREATE','ROLE');
INSERT INTO VIEW_RESOURCES_MAPPING VALUES('deleteCategory','ROLE_ADMIN',8,'DELETE','ROLE');
INSERT INTO VIEW_RESOURCES_MAPPING VALUES('downloadCategory','ROLE_ADMIN',512,'DOWNLOAD','ROLE');
INSERT INTO VIEW_RESOURCES_MAPPING VALUES('downloadCategory','ROLE_MANAGER',515,'READ,WRITE,DOWNLOAD','ROLE');
INSERT INTO VIEW_RESOURCES_MAPPING VALUES('downloadCategory','ROLE_USER',512,'DOWNLOAD','ROLE');
INSERT INTO VIEW_RESOURCES_MAPPING VALUES('downloadProduct','ROLE_USER',512,'DOWNLOAD','ROLE');
INSERT INTO VIEW_RESOURCES_MAPPING VALUES('downloadUser','ROLE_ADMIN',512,'DOWNLOAD','ROLE');
INSERT INTO VIEW_RESOURCES_MAPPING VALUES('updateCategory','ROLE_ADMIN',2,'WRITE','ROLE');
INSERT INTO VIEW_HIERARCHY VALUES('Category','viewManagement','20100419',NULL);
INSERT INTO VIEW_HIERARCHY VALUES('Category2','viewManagement2','20100419',NULL);
INSERT INTO VIEW_HIERARCHY VALUES('Product','viewManagement','20100419',NULL);
INSERT INTO VIEW_HIERARCHY VALUES('Product2','viewManagement2','20100419',NULL);
INSERT INTO VIEW_HIERARCHY VALUES('User','viewManagement','20100419',NULL);
INSERT INTO VIEW_HIERARCHY VALUES('User2','viewManagement2','20100419',NULL);
INSERT INTO VIEW_HIERARCHY VALUES('VIEW-00009','viewManagement','20100526',NULL);
INSERT INTO VIEW_HIERARCHY VALUES('VIEW-00010','VIEW-00009','20100526',NULL);
INSERT INTO VIEW_HIERARCHY VALUES('VIEW-00011','VIEW-00009','20100526',NULL);
INSERT INTO VIEW_HIERARCHY VALUES('VIEW-00012','VIEW-00009','20100526',NULL);
INSERT INTO VIEW_HIERARCHY VALUES('addCategory','Category','20100419',NULL);
INSERT INTO VIEW_HIERARCHY VALUES('addProduct','Product','20100418',NULL);
INSERT INTO VIEW_HIERARCHY VALUES('addUser','User','20100418',NULL);
INSERT INTO VIEW_HIERARCHY VALUES('deleteCategory','Category','20100418',NULL);
INSERT INTO VIEW_HIERARCHY VALUES('deleteProduct','Product','20100418',NULL);
INSERT INTO VIEW_HIERARCHY VALUES('deleteUser','User','20100418',NULL);
INSERT INTO VIEW_HIERARCHY VALUES('downloadCategory','Category','20100418',NULL);
INSERT INTO VIEW_HIERARCHY VALUES('downloadProduct','Product','20100418',NULL);
INSERT INTO VIEW_HIERARCHY VALUES('downloadUser','User','20100418',NULL);
INSERT INTO VIEW_HIERARCHY VALUES('updateCategory','Category','20100418',NULL);
INSERT INTO VIEW_HIERARCHY VALUES('updateProduct','Product','20100418',NULL);
INSERT INTO VIEW_HIERARCHY VALUES('updateUser','User','20100418',NULL);
INSERT INTO IDS VALUES('CATEGORY',58);
INSERT INTO IDS VALUES('DATA_UPLOAD',1);
INSERT INTO IDS VALUES('DELIVERY_COMPANY',25);
INSERT INTO IDS VALUES('GROUPS',154);
INSERT INTO IDS VALUES('PRODUCT',125);
INSERT INTO IDS VALUES('RESOURCE_METHOD',32);
INSERT INTO IDS VALUES('RESOURCE_PNC',28);
INSERT INTO IDS VALUES('RESOURCE_URL',63);
INSERT INTO IDS VALUES('ROLES',39);
INSERT INTO IDS VALUES('SNAPSHOT',1);
INSERT INTO IDS VALUES('TIMES',18);
INSERT INTO IDS VALUES('TRANSACTION',20);
INSERT INTO IDS VALUES('VIEW_RESOURCE',17);
INSERT INTO CANDIDATE_SECURED_RESOURCES VALUES('1','SAMPLE2','usersService','anyframe.iam.sample.users.service','UsersService','get','String','','anyframe.iam.sample.users.service.UsersService.get','method');
INSERT INTO CANDIDATE_SECURED_RESOURCES VALUES('10','SAMPLE2','categoryService','anyframe.iam.sample.category.service','CategoryService','getPagingList','SearchVO','','anyframe.iam.sample.category.service.CategoryService.getPagingList','method');
INSERT INTO CANDIDATE_SECURED_RESOURCES VALUES('11','SAMPLE2','productService','anyframe.iam.sample.product.service','ProductService','get','String','','anyframe.iam.sample.product.service.ProductService.get','method');
INSERT INTO CANDIDATE_SECURED_RESOURCES VALUES('12','SAMPLE2','productService','anyframe.iam.sample.product.service','ProductService','remove','String','','anyframe.iam.sample.product.service.ProductService.remove','method');
INSERT INTO CANDIDATE_SECURED_RESOURCES VALUES('13','SAMPLE2','productService','anyframe.iam.sample.product.service','ProductService','create','Product','','anyframe.iam.sample.product.service.ProductService.create','method');
INSERT INTO CANDIDATE_SECURED_RESOURCES VALUES('14','SAMPLE2','productService','anyframe.iam.sample.product.service','ProductService','update','Product','','anyframe.iam.sample.product.service.ProductService.update','method');
INSERT INTO CANDIDATE_SECURED_RESOURCES VALUES('15','SAMPLE2','productService','anyframe.iam.sample.product.service','ProductService','getPagingList','SearchVO','','anyframe.iam.sample.product.service.ProductService.getPagingList','method');
INSERT INTO CANDIDATE_SECURED_RESOURCES VALUES('16','SAMPLE2','','anyframe.iam.sample.category.service','','','','','anyframe.iam.sample.category.service..*Service*.*(..)','pointcut');
INSERT INTO CANDIDATE_SECURED_RESOURCES VALUES('17','SAMPLE2','','anyframe.iam.sample.product.service','','','','','anyframe.iam.sample.product.service..*Service*.*(..)','pointcut');
INSERT INTO CANDIDATE_SECURED_RESOURCES VALUES('18','SAMPLE2','','anyframe.iam.sample.users.service','','','','','anyframe.iam.sample.users.service..*Service*.*(..)','pointcut');
INSERT INTO CANDIDATE_SECURED_RESOURCES VALUES('19','SAMPLE2','','org.springframework.remoting.httpinvoker','HttpInvokerServiceExporter','','','/assist/resourceGatherAssist.do','','url');
INSERT INTO CANDIDATE_SECURED_RESOURCES VALUES('2','SAMPLE2','usersService','anyframe.iam.sample.users.service','UsersService','remove','String','','anyframe.iam.sample.users.service.UsersService.remove','method');
INSERT INTO CANDIDATE_SECURED_RESOURCES VALUES('20','SAMPLE2','','org.springframework.remoting.httpinvoker','HttpInvokerServiceExporter','','','/reload/resourceReload.do','','url');
INSERT INTO CANDIDATE_SECURED_RESOURCES VALUES('21','SAMPLE2','','org.springframework.web.servlet.mvc','ParameterizableViewController','','','/common/login.do','','url');
INSERT INTO CANDIDATE_SECURED_RESOURCES VALUES('22','SAMPLE2','','org.springframework.web.servlet.mvc','ParameterizableViewController','','','/viewManagement.do','','url');
INSERT INTO CANDIDATE_SECURED_RESOURCES VALUES('23','SAMPLE2','','anyframe.iam.sample.users.web','UsersController','add','HttpServletRequest,HttpServletResponse','/users.do','','url');
INSERT INTO CANDIDATE_SECURED_RESOURCES VALUES('24','SAMPLE2','','anyframe.iam.sample.users.web','UsersController','get','HttpServletRequest,HttpServletResponse','/users.do','','url');
INSERT INTO CANDIDATE_SECURED_RESOURCES VALUES('25','SAMPLE2','','anyframe.iam.sample.users.web','UsersController','list','HttpServletRequest,HttpServletResponse','/users.do','','url');
INSERT INTO CANDIDATE_SECURED_RESOURCES VALUES('26','SAMPLE2','','anyframe.iam.sample.users.web','UsersController','delete','HttpServletRequest,HttpServletResponse','/users.do','','url');
INSERT INTO CANDIDATE_SECURED_RESOURCES VALUES('27','SAMPLE2','','anyframe.iam.sample.users.web','UsersController','update','HttpServletRequest,HttpServletResponse','/users.do','','url');
INSERT INTO CANDIDATE_SECURED_RESOURCES VALUES('28','SAMPLE2','','anyframe.iam.sample.users.web','UsersController','addView','HttpServletRequest,HttpServletResponse','/users.do','','url');
INSERT INTO CANDIDATE_SECURED_RESOURCES VALUES('29','SAMPLE2','','anyframe.iam.sample.users.web','UsersController','setUsersService','UsersService','/users.do','','url');
INSERT INTO CANDIDATE_SECURED_RESOURCES VALUES('3','SAMPLE2','usersService','anyframe.iam.sample.users.service','UsersService','create','Users','','anyframe.iam.sample.users.service.UsersService.create','method');
INSERT INTO CANDIDATE_SECURED_RESOURCES VALUES('30','SAMPLE2','','anyframe.iam.sample.category.web','CategoryController','add','HttpServletRequest,HttpServletResponse','/category.do','','url');
INSERT INTO CANDIDATE_SECURED_RESOURCES VALUES('31','SAMPLE2','','anyframe.iam.sample.category.web','CategoryController','get','HttpServletRequest,HttpServletResponse','/category.do','','url');
INSERT INTO CANDIDATE_SECURED_RESOURCES VALUES('32','SAMPLE2','','anyframe.iam.sample.category.web','CategoryController','list','HttpServletRequest,HttpServletResponse','/category.do','','url');
INSERT INTO CANDIDATE_SECURED_RESOURCES VALUES('33','SAMPLE2','','anyframe.iam.sample.category.web','CategoryController','delete','HttpServletRequest,HttpServletResponse','/category.do','','url');
INSERT INTO CANDIDATE_SECURED_RESOURCES VALUES('34','SAMPLE2','','anyframe.iam.sample.category.web','CategoryController','update','HttpServletRequest,HttpServletResponse','/category.do','','url');
INSERT INTO CANDIDATE_SECURED_RESOURCES VALUES('35','SAMPLE2','','anyframe.iam.sample.category.web','CategoryController','addView','HttpServletRequest,HttpServletResponse','/category.do','','url');
INSERT INTO CANDIDATE_SECURED_RESOURCES VALUES('36','SAMPLE2','','anyframe.iam.sample.category.web','CategoryController','setCategoryService','CategoryService','/category.do','','url');
INSERT INTO CANDIDATE_SECURED_RESOURCES VALUES('37','SAMPLE2','','anyframe.iam.sample.product.web','ProductController','add','HttpServletRequest,HttpServletResponse','/product.do','','url');
INSERT INTO CANDIDATE_SECURED_RESOURCES VALUES('38','SAMPLE2','','anyframe.iam.sample.product.web','ProductController','get','HttpServletRequest,HttpServletResponse','/product.do','','url');
INSERT INTO CANDIDATE_SECURED_RESOURCES VALUES('39','SAMPLE2','','anyframe.iam.sample.product.web','ProductController','list','HttpServletRequest,HttpServletResponse','/product.do','','url');
INSERT INTO CANDIDATE_SECURED_RESOURCES VALUES('4','SAMPLE2','usersService','anyframe.iam.sample.users.service','UsersService','update','Users','','anyframe.iam.sample.users.service.UsersService.update','method');
INSERT INTO CANDIDATE_SECURED_RESOURCES VALUES('40','SAMPLE2','','anyframe.iam.sample.product.web','ProductController','delete','HttpServletRequest,HttpServletResponse','/product.do','','url');
INSERT INTO CANDIDATE_SECURED_RESOURCES VALUES('41','SAMPLE2','','anyframe.iam.sample.product.web','ProductController','update','HttpServletRequest,HttpServletResponse','/product.do','','url');
INSERT INTO CANDIDATE_SECURED_RESOURCES VALUES('42','SAMPLE2','','anyframe.iam.sample.product.web','ProductController','addView','HttpServletRequest,HttpServletResponse','/product.do','','url');
INSERT INTO CANDIDATE_SECURED_RESOURCES VALUES('43','SAMPLE2','','anyframe.iam.sample.product.web','ProductController','setProductService','ProductService','/product.do','','url');
INSERT INTO CANDIDATE_SECURED_RESOURCES VALUES('44','SAMPLE2','method','paramResolver','','','','','','param');
INSERT INTO CANDIDATE_SECURED_RESOURCES VALUES('5','SAMPLE2','usersService','anyframe.iam.sample.users.service','UsersService','getPagingList','SearchVO','','anyframe.iam.sample.users.service.UsersService.getPagingList','method');
INSERT INTO CANDIDATE_SECURED_RESOURCES VALUES('6','SAMPLE2','categoryService','anyframe.iam.sample.category.service','CategoryService','get','String','','anyframe.iam.sample.category.service.CategoryService.get','method');
INSERT INTO CANDIDATE_SECURED_RESOURCES VALUES('7','SAMPLE2','categoryService','anyframe.iam.sample.category.service','CategoryService','remove','String','','anyframe.iam.sample.category.service.CategoryService.remove','method');
INSERT INTO CANDIDATE_SECURED_RESOURCES VALUES('8','SAMPLE2','categoryService','anyframe.iam.sample.category.service','CategoryService','create','Category','','anyframe.iam.sample.category.service.CategoryService.create','method');
INSERT INTO CANDIDATE_SECURED_RESOURCES VALUES('9','SAMPLE2','categoryService','anyframe.iam.sample.category.service','CategoryService','update','Category','','anyframe.iam.sample.category.service.CategoryService.update','method');
COMMIT;