insert into GROUPS values ('GRP-0047','해외','20090826','20091104');
insert into GROUPS values ('GRP-0001','그룹본부','20090701','20091104');
insert into GROUPS values ('GRP-0002','제조그룹','20090701','20091104');
insert into GROUPS values ('GRP-0003','생활가전제품','20090701','20091104');
insert into GROUPS values ('GRP-0004','TV','20090701','20091104');
insert into GROUPS values ('GRP-0005','세탁기',null,'20091104');
insert into GROUPS values ('GRP-0049','소비자센터','20090826','20091104');
insert into GROUPS values ('GRP-0007','MP3','20090701','20091104');
insert into GROUPS values ('GRP-0008','부품부문','20090701','20091104');
insert into GROUPS values ('GRP-0009','배터리','20090701','20091104');
insert into GROUPS values ('GRP-0010','디스플레이','20090701','20091104');
insert into GROUPS values ('GRP-0011','기판','20090701','20091104');
insert into GROUPS values ('GRP-0012','반도체','20090701','20091104');
insert into GROUPS values ('GRP-0013','핸드폰','20090701','20091104');
insert into GROUPS values ('GRP-0134','에어컨','20090903','20091104');
insert into GROUPS values ('GRP-0152','사용자그룹','20091104',null);
insert into GROUPS values ('GRP-0039','냉장고',null,'20091104');
insert into GROUPS values ('GRP-0014','품질관리','20090701','20091104');
insert into GROUPS values ('GRP-0138','해외센터','20090909','20091104');
insert into GROUPS values ('GRP-0015','생활가전품질관리','20090701','20091104');
insert into GROUPS values ('GRP-0016','부품부문품질관리','20090701','20091104');
insert into GROUPS values ('GRP-0142','총무그룹','20091104',null);
insert into GROUPS values ('GRP-0135','LED','20090904','20091104');
insert into GROUPS values ('GRP-0139','경영지원','20090909','20091104');
insert into GROUPS values ('GRP-0140','인력운영','20091102','20091104');
insert into GROUPS values ('GRP-0141','기술개발','20091102','20091104');

insert into GROUPS_HIERARCHY values ('GRP-0013','GRP-0047','20090826',null);
insert into GROUPS_HIERARCHY values ('GRP-0001','GRP-0002','20090701',null);
insert into GROUPS_HIERARCHY values ('GRP-0002','GRP-0003','20090701',null);
insert into GROUPS_HIERARCHY values ('GRP-0002','GRP-0007','20090701',null);
insert into GROUPS_HIERARCHY values ('GRP-0002','GRP-0008','20090701',null);
insert into GROUPS_HIERARCHY values ('GRP-0002','GRP-0013','20090701',null);
insert into GROUPS_HIERARCHY values ('GRP-0014','GRP-0049','20090826',null);
insert into GROUPS_HIERARCHY values ('GRP-0003','GRP-0004','20090701',null);
insert into GROUPS_HIERARCHY values ('GRP-0003','GRP-0005','20090701',null);
insert into GROUPS_HIERARCHY values ('GRP-0001','GRP-0152','20091104',null);
insert into GROUPS_HIERARCHY values ('GRP-0008','GRP-0009','20090701',null);
insert into GROUPS_HIERARCHY values ('GRP-0008','GRP-0010','20090701',null);
insert into GROUPS_HIERARCHY values ('GRP-0008','GRP-0011','20090701',null);
insert into GROUPS_HIERARCHY values ('GRP-0008','GRP-0012','20090701',null);
insert into GROUPS_HIERARCHY values ('GRP-0003','GRP-0134','20090903',null);
insert into GROUPS_HIERARCHY values ('GRP-0003','GRP-0039','20090714',null);
insert into GROUPS_HIERARCHY values ('GRP-0002','GRP-0014','20090701',null);
insert into GROUPS_HIERARCHY values ('GRP-0049','GRP-0138','20090909',null);
insert into GROUPS_HIERARCHY values ('GRP-0014','GRP-0015','20090701',null);
insert into GROUPS_HIERARCHY values ('GRP-0014','GRP-0016','20090701',null);
insert into GROUPS_HIERARCHY values ('GRP-0139','GRP-0142','20091104',null);
insert into GROUPS_HIERARCHY values ('GRP-0004','GRP-0135','20090904',null);
insert into GROUPS_HIERARCHY values ('GRP-0001','GRP-0139','20090909',null);
insert into GROUPS_HIERARCHY values ('GRP-0001','GRP-0140','20091102',null);
insert into GROUPS_HIERARCHY values ('GRP-0001','GRP-0141','20091102',null);

insert into USERS values ('alldaywork','SeoyoungUp%','alldaywork','Y','20090908',null);
insert into USERS values ('test','test User','test','Y','20090731',null);
insert into USERS values ('workholic','socialNetwork','workholic','Y','20090908',null);
insert into USERS values ('flexablechoi','Choikangyoung','flexablechoi','Y','20090908',null);
insert into USERS values ('jdkgrammer','hyoungsang','jdkgrammer','Y','20090908',null);
insert into USERS values ('nofear','roister','nofear','Y','20090908',null);
insert into USERS values ('danpabangsong','bongsongdan','danpabangsong','Y','20090908',null);
insert into USERS values ('bluesky','parkgiyoung','bluesky','Y','20090908',null);
insert into USERS values ('callyou','heokyoungyoung','callyou','Y','20090908',null);
insert into USERS values ('misteryjj','jeongjejin','misteryjj','Y','20090908',null);
insert into USERS values ('youngheemom','choiyounghee%','youngheemom','Y','20090908',null);
insert into USERS values ('tmaprlfl123','Semekiri','tmaprlfl123','Y','20090908',null);
insert into USERS values ('grandslam99','mandosmash','grandslam99','Y','20090908',null);
insert into USERS values ('singi9090','leesingi','singi9090','Y','20090908',null);
insert into USERS values ('healer','pristjordan','healer','Y','20090909',null);
insert into USERS values ('2pmjaebum','parkjaebum','2pmjaebum','Y','20090909',null);
insert into USERS values ('getawayman','candyman','getawayman','Y','20090909',null);
insert into USERS values ('ohlady','hwanhee','ohlady','Y','20090909',null);
insert into USERS values ('grrrrrrrrrrrr','guhara','grrrrrrrrrrrr','Y','20090909',null);
insert into USERS values ('greennaver','Navywonder','greennaver','Y','20090909',null);
insert into USERS values ('studentj','jojaemtol','studentj','Y','20090909',null);
insert into USERS values ('butterfly','jinjung','butterfly','Y','20090909',null);
insert into USERS values ('8eight','kimpalme','8eight','Y','20090909',null);
insert into USERS values ('4minute','4boyoung','4minute','Y','20090909',null);
insert into USERS values ('lierlier123','tiara','lierlier123','Y','20090909',null);
insert into USERS values ('hotissue','sunglasses','hotissue','Y','20090909',null);
insert into USERS values ('gogojiyoung','kojiyoung','gogojiyoung','Y','20090908',null);
insert into USERS values ('robbenkim','김성룡','robbenkim','Y','20090729',null);
insert into USERS values ('codingmachine','ComeWoongbin','codingmachine','Y','20090908',null);
insert into USERS values ('excelman','LeeManPyo','excelman','Y','20090908',null);
insert into USERS values ('admin','Admin USER','admin123','Y','20090630',null);
insert into USERS values ('moonwalk','yangjoonhyok','moonwalk','Y','20090908',null);
insert into USERS values ('mudtang','takjinwook','mudtang','Y','20090908',null);
insert into USERS values ('manager','General Manager','manager','Y','20091103',null);
insert into USERS values ('iloveyou','ohseahoon','iloveyou','Y','20090908',null);
insert into USERS values ('nightlight','branddennight','nightlight','Y','20090908',null);
insert into USERS values ('likeyou1983','gadekyeom','likeyou1983','Y','20090908',null);
insert into USERS values ('mylife4our','Zelot','mylife4our','Y','20090908',null);
insert into USERS values ('lunchtimeiiii','jumgsimsi','lunchtimeiiii','Y','20090908',null);
insert into USERS values ('4shimii','sushigoya','4shimii','Y','20090908',null);
insert into USERS values ('encore','youtube','encore','Y','20090908',null);
insert into USERS values ('darkness','Johndark','darkness','Y','20090909',null);
insert into USERS values ('candyinmyerr','baekjiyoung','candyinmyerr','Y','20090909',null);
insert into USERS values ('jongpil','박종필','jongpil','Y','20091104',null);
insert into USERS values ('loverain','kimtaewoo','loverain','Y','20090909',null);
insert into USERS values ('fallinlove','parkbom','fallinlove','Y','20090909',null);
insert into USERS values ('tang9','taeyoun','tang9','Y','20090909',null);
insert into USERS values ('abracatabra','browneyedgirls','abracatabra','Y','20090909',null);
insert into USERS values ('maesil.jo','josungmo','maesil.jo','Y','20090909',null);
insert into USERS values ('hwayobee','parkhwayobee','hwayobee','Y','20090909',null);
insert into USERS values ('againagain','two PM','againagain','Y','20090909',null);
insert into USERS values ('kwill','kaywill','kwill','Y','20090909',null);
insert into USERS values ('drunkenman','seojodan','drunkenman','Y','20090909',null);
insert into USERS values ('prospring','prospring','prospring','N','20091029',null);
insert into USERS values ('anyframeIAM','anyframeIAM','anyframeIAM','Y','20091104',null);
insert into USERS values ('outsidejo','Joinsung','outsidejo','Y','20090908',null);
insert into USERS values ('outsider','outsider','outsider','Y','20090730',null);
insert into USERS values ('test0813','테스트0813','test0813','Y','20090813',null);
insert into USERS values ('gagconcert','GagConcert','gagconcert','Y','20090907',null);
insert into USERS values ('morderntimes','chili','morderntimes','Y','20090908',null);
insert into USERS values ('flowKo','MaDongTak','flowKo','Y','20090908',null);
insert into USERS values ('missallsunday','Nikorobbin','missallsunday','Y','20090908',null);
insert into USERS values ('Nogadaking','Nogangwang','Nogadaking','Y','20090908',null);
insert into USERS values ('cobolx','cobolt','cobolx','Y','20090908',null);
insert into USERS values ('bighead','kwoneeihyon','bighead','Y','20090908',null);
insert into USERS values ('upate','OdaHeichiro','upate','Y','20090908',null);
insert into USERS values ('malmalmal','brocolii','malmalmal','Y','20090908',null);
insert into USERS values ('ididitall','yougajin','ididitall','Y','20090908',null);
insert into USERS values ('cantleave','leegain','cantleave','Y','20090908',null);
insert into USERS values ('skidashi','banchanho','skidashi','Y','20090908',null);
insert into USERS values ('mysong1234','nanoen','mysong1234','Y','20090908',null);
insert into USERS values ('insuni','choiinsoon','insuni','Y','20090908',null);
insert into USERS values ('test123','asdfsdf','test123','Y','20091020',null);
insert into USERS values ('jinchoi','ChoiJinwoo','jinchoi55','Y','20090714',null);
insert into USERS values ('jandeekum','Koohyesun','Rhcska11','N','20090214',null);
insert into USERS values ('oldDevil','ParkMyungSoo','kusung12','Y','20060812',null);
insert into USERS values ('Unlimited','YooJaesuk','muhandd','Y',null,null);
insert into USERS values ('singleman','samsung','singleman','Y','20090828',null);
insert into USERS values ('testuser','testuser','testuser','Y','20090908',null);
insert into USERS values ('sunwoohwan','Leesenunggi','moneymine','N','20090420',null);
insert into USERS values ('janjin','ParkChungJae','junjun123','Y','20020202',null);
insert into USERS values ('youngmin.jo','JoYoungmin','password','Y','20090715',null);
insert into USERS values ('JunpoyoKu','이민호','rhvskawnsvy','Y',null,null);
insert into USERS values ('taijiboys','SeoTaiji','ehswnj11','Y','19940608',null);
insert into USERS values ('tigerjk','SeoJungKwon','drunkentg','Y','19960606',null);
insert into USERS values ('sungan.kim','KimSungan','jquery12','N','20090701',null);
insert into USERS values ('juhan812.bae','BaeJuhan','hanibro12','Y','20020316',null);
insert into USERS values ('mech.cho','ChoKyusik','trotcho','Y','19970316',null);
insert into USERS values ('hamcute.ham','HamHyunjung','hamcutezz','Y','20020511',null);
insert into USERS values ('sg79.hwang','HwangSangGu','hwang123','Y','19980908',null);
insert into USERS values ('iamtestID','iamTestID','iamtestID','Y','20090828',null);
insert into USERS values ('hm.baik','BaikHaemyung','hamham','N','19990809',null);
insert into USERS values ('junyeong.son','SonJunYeong','sjy123','Y','20080103',null);
insert into USERS values ('hyoungbae.jeon','JeonHyoungbae','hbj123','Y','20090213',null);
insert into USERS values ('jaemin.joe','JoeJaemin','jamtol123','Y','20090315',null);
insert into USERS values ('testuser123','testuser','testuser123','Y','20090908',null);
insert into USERS values ('sh0515.jung','JungSunghwan','mmasdf','Y','20090111',null);
insert into USERS values ('youngki.kim','KimYoungki','ykcjfja','N','20090224',null);
insert into USERS values ('yjsec.kim','KimYunjoong','kyjqwer','Y','20040405',null);
insert into USERS values ('superck.kim','KimChangken','crownck','Y','20050505',null);
insert into USERS values ('deleteTest','testDelete','deleteTest','Y','20090908',null);
insert into USERS values ('sunghyung.eum','EumSungHyun','djatjdgus11','Y','20090224',null);
insert into USERS values ('manual','Mayouyoung','manual','Y','20090908',null);
insert into USERS values ('yunjiyj.lee','LeeYunji','yjyj1234','Y','20090224',null);
insert into USERS values ('jh330.jang','JangJaehyun','jaehyenzz','Y','20090224',null);
insert into USERS values ('step1','Leedanhee','step1','Y','20090908',null);
insert into USERS values ('jiyoung.tak','TakJiyoung1','takji11','Y',null,null);
insert into USERS values ('sanggeol.kim','KimSanggeol','sg1234','Y','20090224',null);
insert into USERS values ('kissme123','Damdi','kissme123','Y','20090908',null);
insert into USERS values ('PMadobe','PMadobe','PMadobe','Y','20090908',null);
insert into USERS values ('juho.van','VanJuho','vanpro','Y','20090105',null);
insert into USERS values ('editplus','nojisim','editplus','Y','20090908',null);
insert into USERS values ('kimaeng.jun','JunKimaeng','maeng1234','Y','20020605',null);
insert into USERS values ('jy0428.ko','KoJiyoung','quffh1234','Y','20090224',null);
insert into USERS values ('jhluv.kim','KimJunhee','danieljun','Y','20090224',null);
insert into USERS values ('taeheetf','KinTaehee','taeheelub','Y','20010205',null);
insert into USERS values ('hy8686.kim','KimHaeyoung','8686khy','Y','20080506',null);
insert into USERS values ('idontcare','gongminji','idontcare','Y','20090908',null);
insert into USERS values ('shesgone','Kush','shesgone','Y','20090908',null);
insert into USERS values ('je33.lee','LeeJungen','Eodrmfl','Y','20040406',null);
insert into USERS values ('sh1117.lim','LimSanghun','overgeniuos','Y','20070605',null);
insert into USERS values ('youngnam06.choi','ChoiYoungnam','ynakstp','Y','20040311',null);
insert into USERS values ('insuun.choi','ChoiInsun','dlstnsl','Y','20090224',null);
insert into USERS values ('hl.hwang','HwangHyelin','gPfls11','Y','20050930',null);
insert into USERS values ('my1223.kwon','KwonMunyoung','ansuddlsnsk','Y','20010331',null);
insert into USERS values ('hakjung.song','SongHakjong','thdzhcl12','Y','20090224',null);
insert into USERS values ('hj71.song','SongHyunjung','guswjd123','Y','20050301',null);
insert into USERS values ('sw.yoo','YooSengwan','dhsdiddml','Y','20030305',null);
insert into USERS values ('js0124.youn','YounJeungsup','4ckdnjs12','Y','20010201',null);
insert into USERS values ('moosung.lee','LeeMoosung','antjddl','Y','20030607',null);
insert into USERS values ('shsean.lee','Leeseanheang','tjsgod','N','20010306',null);
insert into USERS values ('jh007.cho','ChoJahyong','whwkdgud','Y','19990905',null);
insert into USERS values ('robben.kim','KimSeungryong','jackey','Y','19960205',null);
insert into USERS values ('jonghoon80','KimJonghoon','QMslehfl','Y','20050403',null);
insert into USERS values ('pilyoon.kim','KimPilyoon','vlfdbs11','Y','20090204',null);
insert into USERS values ('callmecallme','taegoon','callmecallme','Y','20090908',null);
insert into USERS values ('sj49.lee','LeeSoojung','tnwjd123','Y','20090617',null);
insert into USERS values ('hg0503.lee','LeeHangi','ghksrl123','Y','20090225',null);
insert into USERS values ('sorrybut','josoyoung','sorrybut','Y','20090908',null);
insert into USERS values ('eunjin.jang','JangEunjin','dmswls098','Y','20090715',null);
insert into USERS values ('hw.jeung','JeungHewon','gmldnjs','Y','20090715',null);
insert into USERS values ('trust.park','ParkJunsu','wnstnqkr','Y','20080705',null);
insert into USERS values ('youjin07.kim','KimYoujin','dbwlsdll','Y','20070812',null);
insert into USERS values ('raegyu.park','ParkRaegyu','forbdlaekd','Y','20070809',null);
insert into USERS values ('yumi85.seung','SeungYumi','dbalek','Y','20081021',null);
insert into USERS values ('skinhead','hongdaeri','skinhead','Y','20090908',null);
insert into USERS values ('bearbin.song','song','rhadksla','Y','20090111',null);
insert into USERS values ('isingusing','nojiwon','isingusing','Y','20090908',null);
insert into USERS values ('misslee','gangboojang','misslee','Y','20090908',null);
insert into USERS values ('shougun','suejane','shougun','Y','20090909',null);
insert into USERS values ('badgirlcl','chelin','badgirlcl','Y','20090909',null);
insert into USERS values ('coolface','jesica','coolface','Y','20090909',null);
insert into USERS values ('superman','duckclock','superman','Y','20090909',null);
insert into USERS values ('kisskisskiss','sandara','kisskisskiss','Y','20090909',null);
insert into USERS values ('woainee','chinchin','woainee','Y','20090909',null);
insert into USERS values ('mcmong','moyoungkyu','mcmong','Y','20090909',null);
insert into USERS values ('alluneedislove','johnlenonn','alluneedislove','Y','20090909',null);
insert into USERS values ('에스디에스','에스디에스','에스디에스','Y','20090922',null);
insert into USERS values ('melong99','MeLoNa','melong99','Y','20090828',null);
insert into USERS values ('oceanprince','parkmyoungsoo','oceanprince','Y','20090909',null);
insert into USERS values ('hahaya','hadonggyun','hahaya','N','20090826',null);
insert into USERS values ('takyoun','takyoun','takyoun','Y','20090909',null);
insert into USERS values ('dontcry','leewoosun','dontcry','Y','20090909',null);
insert into USERS values ('mammamia','predmucueri','mammamia','Y','20090909',null);
insert into USERS values ('gossipman','kimgunmo','gossipman','Y','20090909',null);
insert into USERS values ('geenieforyou','girlsgenaration','geenieforyou','Y','20090909',null);
insert into USERS values ('browneyedgirs','parkgain','browneyedgirs','Y','20090909',null);
insert into USERS values ('honeyhoney','hoyoung','honeyhoney','Y','20090909',null);
insert into USERS values ('nabi','nabi','nabi','Y','20090909',null);
insert into USERS values ('yoraremygirl','leeseungki','yoraremygirl','Y','20090909',null);
insert into USERS values ('sayido','promisejean','sayido','Y','20090909',null);
insert into USERS values ('donttellme12','kimjeonghoon','donttellme12','Y','20090909',null);
insert into USERS values ('redlipstick','nojimin','redlipstick','Y','20090909',null);
insert into USERS values ('user','General User','user','Y','20090909',null);
insert into USERS values ('chaos1','Super Admin','chaos1','Y','20090909',null);
insert into USERS values ('2ne1','twoanyone','2ne1','Y','20091102',null);

insert into GROUPS_USERS values ('GRP-0005','eunjin.jang','20090908',null);
insert into GROUPS_USERS values ('GRP-0002','alldaywork','20090908',null);
insert into GROUPS_USERS values ('GRP-0014','hg0503.lee','20090826','20090826');
insert into GROUPS_USERS values ('GRP-0013','hamcute.ham','20090826','20090826');
insert into GROUPS_USERS values ('GRP-0010','hahaya','20090826','20090826');
insert into GROUPS_USERS values ('GRP-0039','jiyoung.tak','20090828','20090828');
insert into GROUPS_USERS values ('GRP-0003','flexablechoi','20090908',null);
insert into GROUPS_USERS values ('GRP-0001','workholic','20090908',null);
insert into GROUPS_USERS values ('GRP-0004','jdkgrammer','20090908',null);
insert into GROUPS_USERS values ('GRP-0004','nofear','20090908',null);
insert into GROUPS_USERS values ('GRP-0135','danpabangsong','20090908',null);
insert into GROUPS_USERS values ('GRP-0005','bluesky','20090908',null);
insert into GROUPS_USERS values ('GRP-0039','callyou','20090908',null);
insert into GROUPS_USERS values ('GRP-0134','misteryjj','20090908',null);
insert into GROUPS_USERS values ('GRP-0007','youngheemom','20090908',null);
insert into GROUPS_USERS values ('GRP-0008','tmaprlfl123','20090908',null);
insert into GROUPS_USERS values ('GRP-0009','grandslam99','20090908',null);
insert into GROUPS_USERS values ('GRP-0009','singi9090','20090908',null);
insert into GROUPS_USERS values ('GRP-0009','healer','20090909',null);
insert into GROUPS_USERS values ('GRP-0010','2pmjaebum','20090909',null);
insert into GROUPS_USERS values ('GRP-0011','getawayman','20090909',null);
insert into GROUPS_USERS values ('GRP-0012','ohlady','20090909',null);
insert into GROUPS_USERS values ('GRP-0013','grrrrrrrrrrrr','20090909',null);
insert into GROUPS_USERS values ('GRP-0013','greennaver','20090909',null);
insert into GROUPS_USERS values ('GRP-0047','studentj','20090909',null);
insert into GROUPS_USERS values ('GRP-0047','butterfly','20090909',null);
insert into GROUPS_USERS values ('GRP-0047','8eight','20090909',null);
insert into GROUPS_USERS values ('GRP-0015','lierlier123','20090909',null);
insert into GROUPS_USERS values ('GRP-0049','hotissue','20090909',null);
insert into GROUPS_USERS values ('GRP-0134','gogojiyoung','20090908',null);
insert into GROUPS_USERS values ('GRP-0015','robbenkim','20090729',null);
insert into GROUPS_USERS values ('GRP-0002','codingmachine','20090908',null);
insert into GROUPS_USERS values ('GRP-0001','excelman','20090908',null);
insert into GROUPS_USERS values ('GRP-0004','moonwalk','20090908',null);
insert into GROUPS_USERS values ('GRP-0004','mudtang','20090908',null);
insert into GROUPS_USERS values ('GRP-0009','4shimii','20091104',null);
insert into GROUPS_USERS values ('GRP-0005','iloveyou','20090908',null);
insert into GROUPS_USERS values ('GRP-0039','nightlight','20090908',null);
insert into GROUPS_USERS values ('GRP-0134','likeyou1983','20090908',null);
insert into GROUPS_USERS values ('GRP-0007','mylife4our','20090908',null);
insert into GROUPS_USERS values ('GRP-0008','lunchtimeiiii','20090908',null);
insert into GROUPS_USERS values ('GRP-0152','anyframeIAM','20091104',null);
insert into GROUPS_USERS values ('GRP-0009','encore','20090908',null);
insert into GROUPS_USERS values ('GRP-0009','darkness','20090909',null);
insert into GROUPS_USERS values ('GRP-0010','candyinmyerr','20090909',null);
insert into GROUPS_USERS values ('GRP-0016','sayido','20091029',null);
insert into GROUPS_USERS values ('GRP-0012','loverain','20090909',null);
insert into GROUPS_USERS values ('GRP-0012','fallinlove','20090909',null);
insert into GROUPS_USERS values ('GRP-0047','tang9','20090909',null);
insert into GROUPS_USERS values ('GRP-0014','abracatabra','20090909',null);
insert into GROUPS_USERS values ('GRP-0015','maesil.jo','20090909',null);
insert into GROUPS_USERS values ('GRP-0016','hwayobee','20090909',null);
insert into GROUPS_USERS values ('GRP-0016','againagain','20090909',null);
insert into GROUPS_USERS values ('GRP-0016','kwill','20090909',null);
insert into GROUPS_USERS values ('GRP-0049','drunkenman','20090909',null);
insert into GROUPS_USERS values ('GRP-0010','prospring','20091029',null);
insert into GROUPS_USERS values ('GRP-0003','manager','20091103',null);
insert into GROUPS_USERS values ('GRP-0141','jongpil','20091104',null);
insert into GROUPS_USERS values ('GRP-0010','Unlimited','20090825','20090825');
insert into GROUPS_USERS values ('GRP-0039','outsider','20090730',null);
insert into GROUPS_USERS values ('GRP-0049','gagconcert','20090907',null);
insert into GROUPS_USERS values ('GRP-0134','outsidejo','20090908',null);
insert into GROUPS_USERS values ('GRP-0003','iamtestID',null,null);
insert into GROUPS_USERS values ('GRP-0011','melong99',null,null);
insert into GROUPS_USERS values ('GRP-0016','test0813',null,null);
insert into GROUPS_USERS values ('GRP-0001','morderntimes','20090908',null);
insert into GROUPS_USERS values ('GRP-0002','flowKo','20090908',null);
insert into GROUPS_USERS values ('GRP-0002','missallsunday','20090908',null);
insert into GROUPS_USERS values ('GRP-0004','cobolx','20090908',null);
insert into GROUPS_USERS values ('GRP-0135','bighead','20090908',null);
insert into GROUPS_USERS values ('GRP-0135','upate','20090908',null);
insert into GROUPS_USERS values ('GRP-0005','malmalmal','20090908',null);
insert into GROUPS_USERS values ('GRP-0039','ididitall','20090908',null);
insert into GROUPS_USERS values ('GRP-0134','cantleave','20090908',null);
insert into GROUPS_USERS values ('GRP-0007','skidashi','20090908',null);
insert into GROUPS_USERS values ('GRP-0008','mysong1234','20090908',null);
insert into GROUPS_USERS values ('GRP-0009','insuni','20090908',null);
insert into GROUPS_USERS values ('GRP-0001','test123','20091021',null);
insert into GROUPS_USERS values ('GRP-0015','chaos1','20090606',null);
insert into GROUPS_USERS values ('GRP-0049','user','20090506',null);
insert into GROUPS_USERS values ('GRP-0015','admin','20090825','20090825');
insert into GROUPS_USERS values ('GRP-0011','jinchoi',null,null);
insert into GROUPS_USERS values ('GRP-0002','jandeekum',null,null);
insert into GROUPS_USERS values ('GRP-0003','oldDevil',null,null);
insert into GROUPS_USERS values ('GRP-0003','junyeong.son','20090825','20090825');
insert into GROUPS_USERS values ('GRP-0001','singleman','20090828',null);
insert into GROUPS_USERS values ('GRP-0004','JunpoyoKu','20090902','20090827');
insert into GROUPS_USERS values ('GRP-0001','deleteTest','20090908',null);
insert into GROUPS_USERS values ('GRP-0049','testuser','20090908',null);
insert into GROUPS_USERS values ('GRP-0008','sunwoohwan',null,null);
insert into GROUPS_USERS values ('GRP-0009','janjin',null,null);
insert into GROUPS_USERS values ('GRP-0015','youngmin.jo',null,null);
insert into GROUPS_USERS values ('GRP-0039','taijiboys',null,null);
insert into GROUPS_USERS values ('GRP-0013','tigerjk',null,null);
insert into GROUPS_USERS values ('GRP-0016','sungan.kim',null,null);
insert into GROUPS_USERS values ('GRP-0012','testuser123','20090908',null);
insert into GROUPS_USERS values ('GRP-0001','manual','20090908',null);
insert into GROUPS_USERS values ('GRP-0014','4minute','20091104',null);
insert into GROUPS_USERS values ('GRP-0002','step1','20090908',null);
insert into GROUPS_USERS values ('GRP-0003','kissme123','20090908',null);
insert into GROUPS_USERS values ('GRP-0003','PMadobe','20090908',null);
insert into GROUPS_USERS values ('GRP-0004','editplus','20090908',null);
insert into GROUPS_USERS values ('GRP-0135','idontcare','20090908',null);
insert into GROUPS_USERS values ('GRP-0005','shesgone','20090908',null);
insert into GROUPS_USERS values ('GRP-0039','callmecallme','20090908',null);
insert into GROUPS_USERS values ('GRP-0134','sorrybut','20090908',null);
insert into GROUPS_USERS values ('GRP-0134','skinhead','20090908',null);
insert into GROUPS_USERS values ('GRP-0007','isingusing','20090908',null);
insert into GROUPS_USERS values ('GRP-0012','hakjung.song',null,null);
insert into GROUPS_USERS values ('GRP-0008','misslee','20090908',null);
insert into GROUPS_USERS values ('GRP-0010','shougun','20090909',null);
insert into GROUPS_USERS values ('GRP-0011','badgirlcl','20090909',null);
insert into GROUPS_USERS values ('GRP-0015','hj71.song',null,null);
insert into GROUPS_USERS values ('GRP-0016','hl.hwang',null,null);
insert into GROUPS_USERS values ('GRP-0002','hm.baik',null,null);
insert into GROUPS_USERS values ('GRP-0012','coolface','20090909',null);
insert into GROUPS_USERS values ('GRP-0004','hy8686.kim',null,null);
insert into GROUPS_USERS values ('GRP-0005','hyoungbae.jeon',null,null);
insert into GROUPS_USERS values ('GRP-0007','insuun.choi',null,null);
insert into GROUPS_USERS values ('GRP-0008','jaemin.joe',null,null);
insert into GROUPS_USERS values ('GRP-0047','superman','20090909',null);
insert into GROUPS_USERS values ('GRP-0010','je33.lee',null,null);
insert into GROUPS_USERS values ('GRP-0011','jh007.cho',null,null);
insert into GROUPS_USERS values ('GRP-0012','jh330.jang',null,null);
insert into GROUPS_USERS values ('GRP-0013','jhluv.kim',null,null);
insert into GROUPS_USERS values ('GRP-0047','kisskisskiss','20090909',null);
insert into GROUPS_USERS values ('GRP-0014','jonghoon80',null,null);
insert into GROUPS_USERS values ('GRP-0015','js0124.youn',null,null);
insert into GROUPS_USERS values ('GRP-0016','juhan812.bae',null,null);
insert into GROUPS_USERS values ('GRP-0002','juho.van',null,null);
insert into GROUPS_USERS values ('GRP-0014','woainee','20090909',null);
insert into GROUPS_USERS values ('GRP-0004','jy0428.ko',null,null);
insert into GROUPS_USERS values ('GRP-0005','kimaeng.jun',null,null);
insert into GROUPS_USERS values ('GRP-0007','mech.cho',null,null);
insert into GROUPS_USERS values ('GRP-0008','moosung.lee',null,null);
insert into GROUPS_USERS values ('GRP-0009','my1223.kwon',null,null);
insert into GROUPS_USERS values ('GRP-0010','pilyoon.kim',null,null);
insert into GROUPS_USERS values ('GRP-0011','raegyu.park',null,null);
insert into GROUPS_USERS values ('GRP-0012','robben.kim',null,null);
insert into GROUPS_USERS values ('GRP-0013','sanggeol.kim',null,null);
insert into GROUPS_USERS values ('GRP-0014','sg79.hwang',null,null);
insert into GROUPS_USERS values ('GRP-0015','sh0515.jung',null,null);
insert into GROUPS_USERS values ('GRP-0016','sh1117.lim',null,null);
insert into GROUPS_USERS values ('GRP-0002','shsean.lee',null,null);
insert into GROUPS_USERS values ('GRP-0003','sj49.lee',null,null);
insert into GROUPS_USERS values ('GRP-0004','sunghyung.eum',null,null);
insert into GROUPS_USERS values ('GRP-0005','superck.kim',null,null);
insert into GROUPS_USERS values ('GRP-0007','sw.yoo',null,null);
insert into GROUPS_USERS values ('GRP-0008','taeheetf',null,null);
insert into GROUPS_USERS values ('GRP-0009','trust.park',null,null);
insert into GROUPS_USERS values ('GRP-0010','yjsec.kim',null,null);
insert into GROUPS_USERS values ('GRP-0011','youjin07.kim',null,null);
insert into GROUPS_USERS values ('GRP-0012','youngki.kim',null,null);
insert into GROUPS_USERS values ('GRP-0013','youngnam06.choi',null,null);
insert into GROUPS_USERS values ('GRP-0014','yumi85.seung',null,null);
insert into GROUPS_USERS values ('GRP-0015','yunjiyj.lee',null,null);
insert into GROUPS_USERS values ('GRP-0015','mcmong','20090909',null);
insert into GROUPS_USERS values ('GRP-0016','alluneedislove','20090909',null);
insert into GROUPS_USERS values ('GRP-0001','에스디에스','20090922',null);
insert into GROUPS_USERS values ('GRP-0001','bearbin.song','20091008',null);
insert into GROUPS_USERS values ('GRP-0012','oceanprince','20090909',null);
insert into GROUPS_USERS values ('GRP-0003','hw.jeung','20090828','20090825');
insert into GROUPS_USERS values ('GRP-0010','takyoun','20090909',null);
insert into GROUPS_USERS values ('GRP-0011','dontcry','20090909',null);
insert into GROUPS_USERS values ('GRP-0013','mammamia','20090909',null);
insert into GROUPS_USERS values ('GRP-0013','gossipman','20090909',null);
insert into GROUPS_USERS values ('GRP-0047','geenieforyou','20090909',null);
insert into GROUPS_USERS values ('GRP-0047','browneyedgirs','20090909',null);
insert into GROUPS_USERS values ('GRP-0014','honeyhoney','20090909',null);
insert into GROUPS_USERS values ('GRP-0014','nabi','20090909',null);
insert into GROUPS_USERS values ('GRP-0015','yoraremygirl','20090909',null);
insert into GROUPS_USERS values ('GRP-0001','2ne1','20091102',null);
insert into GROUPS_USERS values ('GRP-0016','donttellme12','20090909',null);
insert into GROUPS_USERS values ('GRP-0049','redlipstick','20090909',null);
insert into GROUPS_USERS values ('GRP-0003','Nogadaking','20091021',null);

insert into ROLES values ('ROLE_MANAGER','ROLE_MANAGER','MANAGER Role','20091103',null);
insert into ROLES values ('ROLE_USER','ROLE_USER','USER Role','20091103',null);
insert into ROLES values ('ROLE_ADMIN','ROLE_ADMIN','ADMIN Role','20091103',null);
insert into ROLES values ('IS_AUTHENTICATED_ANONYMOUSLY','IS_AUTHENTICATED_ANONYMOUSLY','ANONYMOUSLY Role','20091103',null);
insert into ROLES values ('ROLE_STAFF','ROLE_STAFF','STAFF ROLE','20091103',null);

insert into ROLES_HIERARCHY values ('IS_AUTHENTICATED_ANONYMOUSLY','ROLE_USER','20091103',null);
insert into ROLES_HIERARCHY values ('ROLE_USER','ROLE_MANAGER','20091103',null);
insert into ROLES_HIERARCHY values ('ROLE_MANAGER','ROLE_ADMIN','20091103',null);
insert into ROLES_HIERARCHY values ('ROLE_STAFF','ROLE_ADMIN','20091103',null);

insert into AUTHORITIES values ('ROLE_ADMIN','admin','U','20091103',null);
insert into AUTHORITIES values ('ROLE_MANAGER','manager','U','20091103',null);
insert into AUTHORITIES values ('ROLE_USER','user','U','20091103',null);
insert into AUTHORITIES values ('IS_AUTHENTICATED_ANONYMOUSLY','outsider','U','20091103',null);
insert into AUTHORITIES values ('ROLE_STAFF','2ne1','U','20091103',null);

insert into SECURED_RESOURCES values ('WEB-000001','User Modify','\A/empupdateuser\.do.*\Z','사용자정보수정','url',1, '20091103',null);
insert into SECURED_RESOURCES values ('WEB-000002','User List','\A/emplistuser\.do.*\Z','사용자목록','url',2, '20091103',null);
insert into SECURED_RESOURCES values ('WEB-000003','User Register','\A/empadduser\.do.*\Z','사용자정보등록','url',3, '20091103',null);
insert into SECURED_RESOURCES values ('WEB-000004','Check Duplication','\A/emppopcheckduplication\.do.*\Z','ID중복체크','url',4, '20091103',null);
insert into SECURED_RESOURCES values ('WEB-000005','Check Duplication','\A/empcheckduplication.do\.*\Z','ID중복체크','url',5, '20091103',null);
insert into SECURED_RESOURCES values ('WEB-000006','User Modify - Admin','\A/empgetadminuser\.do.*\Z','사용자정보수정','url',6, '20091103',null);
insert into SECURED_RESOURCES values ('WEB-000007','Product Register','\A/empaddproduct\.do.*\Z','상품등록','url',7, '20091103',null);
insert into SECURED_RESOURCES values ('WEB-000008','Product List','\A/emplistsale\.do.*\Z','상품목록','url',8, '20091103',null);
insert into SECURED_RESOURCES values ('WEB-000009','Product Detail','\A/empgetsale\.do.*\Z','상품상세정보','url',9, '20091103',null);
insert into SECURED_RESOURCES values ('WEB-000010','Delivery Status Modify','\A/empupdatetranstatuscode\.do.*\Z','배송상태변경','url',10, '20091103',null);
insert into SECURED_RESOURCES values ('WEB-000011','Product Modify','\A/empupdateproduct.do\.*\Z','상품정보수정','url',11, '20091103',null);
insert into SECURED_RESOURCES values ('WEB-000012','Status Code Modify','\A/empupdatetranstatuscode\.do.*\Z','거래상태코드수정','url',12, '20091103',null);
insert into SECURED_RESOURCES values ('WEB-000013','Category List','\A/empListCategory\.do.*\Z','카테고리목록','url',13, '20091103',null);
insert into SECURED_RESOURCES values ('WEB-000014','Category Register','\A/empaddcategory\.do.*\Z','카테고리등록','url',14, '20091103',null);
insert into SECURED_RESOURCES values ('WEB-000015','Category Detail','\A/empgetcategory\.do.*\Z','카테고리상세조회','url',15, '20091103',null);
insert into SECURED_RESOURCES values ('WEB-000016','Category Modify','\A/empupdatecategory\.do.*\Z','카테고리수정','url',16, '20091103',null);
insert into SECURED_RESOURCES values ('WEB-000017','Product Search','\A/emplistproductsearch\.do.*\Z','상품검색','url',17, '20091103',null);
insert into SECURED_RESOURCES values ('WEB-000018','Product Detail','\A/empgetproductsearch\.do.*\Z','상품상세조회','url',18, '20091103',null);
insert into SECURED_RESOURCES values ('WEB-000019','Product Search','\A/empaddpurchase.do\.*\Z','상품검색','url',19, '20091103',null);
insert into SECURED_RESOURCES values ('WEB-000020','Order List','\A/emplistpurchase.do\.*\Z','주문목록','url',20, '20091103',null);
insert into SECURED_RESOURCES values ('WEB-000021','Order Detail','\A/empgetpurchase.do\.*\Z','주문내역조회','url',21, '20091103',null);
insert into SECURED_RESOURCES values ('WEB-000022','Order Register','\A/empaddpurchaseview.do\.*\Z','주문등록화면이동','url',22, '20091103',null);
insert into SECURED_RESOURCES values ('WEB-000023','Order Modify','\A/empupdatepurchase.do\.*\Z','주문내역수정','url',23, '20091103',null);
insert into SECURED_RESOURCES values ('WEB-000024','Order Modify','\A/empupdatepurchaseview.do\.*\Z','주문내역수정화면이동','url',24, '20091103',null);
insert into SECURED_RESOURCES values ('PNC_000001','Category','execution(* com.sds.emp.sale..*ServiceImpl.*Category*(..))','카테고리','pointcut',1, '20091103',null);
insert into SECURED_RESOURCES values ('MTD_000001','Category Register','com.sds.emp.sale.services.CategoryService.addCategory','카테고리등록','method',2, '20091103',null);
insert into SECURED_RESOURCES values ('MTD_000002','Category Modify','com.sds.emp.sale.services.CategoryService.updateCategory','카테고리수정','method',3, '20091103',null);

insert into SECURED_RESOURCES_ROLES values ('WEB-000002','ROLE_ADMIN','20091103',null);
insert into SECURED_RESOURCES_ROLES values ('WEB-000003','ROLE_ADMIN','20091103',null);
insert into SECURED_RESOURCES_ROLES values ('WEB-000004','ROLE_ADMIN','20091103',null);
insert into SECURED_RESOURCES_ROLES values ('WEB-000001','ROLE_USER','20091103',null);
insert into SECURED_RESOURCES_ROLES values ('WEB-000005','ROLE_ADMIN','20091103',null);
insert into SECURED_RESOURCES_ROLES values ('WEB-000006','ROLE_ADMIN','20091103',null);
insert into SECURED_RESOURCES_ROLES values ('WEB-000007','ROLE_MANAGER','20091103',null);
insert into SECURED_RESOURCES_ROLES values ('WEB-000008','ROLE_MANAGER','20091103',null);
insert into SECURED_RESOURCES_ROLES values ('WEB-000009','ROLE_MANAGER','20091103',null);
insert into SECURED_RESOURCES_ROLES values ('WEB-000010','ROLE_MANAGER','20091103',null);
insert into SECURED_RESOURCES_ROLES values ('WEB-000011','ROLE_MANAGER','20091103',null);
insert into SECURED_RESOURCES_ROLES values ('WEB-000012','ROLE_MANAGER','20091103',null);
insert into SECURED_RESOURCES_ROLES values ('WEB-000013','ROLE_MANAGER','20091103',null);
insert into SECURED_RESOURCES_ROLES values ('WEB-000014','ROLE_ADMIN','20091103',null);
insert into SECURED_RESOURCES_ROLES values ('WEB-000015','ROLE_MANAGER','20091103',null);
insert into SECURED_RESOURCES_ROLES values ('WEB-000016','ROLE_ADMIN','20091103',null);
insert into SECURED_RESOURCES_ROLES values ('WEB-000017','ROLE_USER','20091103',null);
insert into SECURED_RESOURCES_ROLES values ('WEB-000018','ROLE_USER','20091103',null);
insert into SECURED_RESOURCES_ROLES values ('WEB-000019','ROLE_USER','20091103',null);
insert into SECURED_RESOURCES_ROLES values ('WEB-000020','ROLE_USER','20091103',null);
insert into SECURED_RESOURCES_ROLES values ('WEB-000021','ROLE_USER','20091103',null);
insert into SECURED_RESOURCES_ROLES values ('WEB-000022','ROLE_USER','20091103',null);
insert into SECURED_RESOURCES_ROLES values ('WEB-000023','ROLE_USER','20091103',null);
insert into SECURED_RESOURCES_ROLES values ('WEB-000024','ROLE_USER','20091103',null);
insert into SECURED_RESOURCES_ROLES values ('PNC_000001','ROLE_MANAGER','20091103',null);
insert into SECURED_RESOURCES_ROLES values ('MTD_000001','ROLE_ADMIN','20091103',null);
insert into SECURED_RESOURCES_ROLES values ('MTD_000002','ROLE_ADMIN','20091103',null);

insert into RESTRICTED_TIMES values ('time-00001','crash',null,'000000',null,'235959','장애처리');
insert into RESTRICTED_TIMES values ('time-00002','daily',null,'000000',null,'150000','사용제한');
insert into RESTRICTED_TIMES values ('time-00003','weekend','20091021','000000','20091021','235959','주말');
insert into RESTRICTED_TIMES values ('time-00004','holiday','20091019','180000','20091021','110000','휴일');
insert into RESTRICTED_TIMES values ('time-00005','improve','20090929','200000','20090929','202959','시스템 개선');

insert into VIEW_RESOURCES values ('listCategory','listCategory','listCategory','listCategory','listCategory');
insert into VIEW_RESOURCES values ('addProduct','Sales Mgmt.','Add Product','상품 등록 화면',null);
insert into VIEW_RESOURCES values ('updateCategory','Sales Mgmt.','Update Category Information','카테고리 수정 화면',null);
insert into VIEW_RESOURCES values ('listTransaction','Purchase Mgmt.','Search List of Purchase','거래 목록조회 화면',null);
insert into VIEW_RESOURCES values ('listProduct','Product Mngm.','Product List','Product List','Product List');
insert into VIEW_RESOURCES values ('leftMenu','Menu','메뉴프레임','메뉴프레임',null);

insert into VIEW_RESOURCES_MAPPING values ('listCategory','ROLE_ADMIN',15, 'READ,WRITE,CREATE,DELETE','ROLE');
insert into VIEW_RESOURCES_MAPPING values ('updateCategory','ROLE_ADMIN',31, 'READ,WRITE,CREATE,DELETE,ADMINISTRATION','ROLE');
insert into VIEW_RESOURCES_MAPPING values ('updateCategory','ROLE_USER',3, 'READ,WRITE','ROLE');
insert into VIEW_RESOURCES_MAPPING values ('addProduct','IS_AUTHENTICATED_FULLY',1, 'READ','ROLE');
insert into VIEW_RESOURCES_MAPPING values ('updateCategory','taeyoung.kim',3, 'READ,WRITE','USER');
insert into VIEW_RESOURCES_MAPPING values ('listTransaction','ROLE_USER',35, 'READ,WRITE,LIST','ROLE');

insert into CANDIDATE_SECURED_RESOURCES values (51, null,'com.sds.emp.purchase.web','GetPurchaseController','process','HttpServletRequest,HttpServletResponse','/empgetpurchase.do',null,'url');
insert into CANDIDATE_SECURED_RESOURCES values (52, null,'com.sds.emp.purchase.web','UpdatePurchaseController','formBackingObject','HttpServletRequest','/empupdatepurchaseview.do',null,'url');
insert into CANDIDATE_SECURED_RESOURCES values (53, null,'com.sds.emp.purchase.web','UpdatePurchaseController','setPurchaseService','PurchaseService','/empupdatepurchaseview.do',null,'url');
insert into CANDIDATE_SECURED_RESOURCES values (54, null,'com.sds.emp.purchase.web','UpdatePurchaseController','setCodeService','CodeService','/empupdatepurchaseview.do',null,'url');
insert into CANDIDATE_SECURED_RESOURCES values (55, null,'com.sds.emp.purchase.web','UpdatePurchaseController','setDeliveryCompanyService','DeliveryCompanyService','/empupdatepurchaseview.do',null,'url');
insert into CANDIDATE_SECURED_RESOURCES values (56, null,'com.sds.emp.purchase.web','UpdatePurchaseController','process','HttpServletRequest,HttpServletResponse','/empupdatepurchaseview.do',null,'url');
insert into CANDIDATE_SECURED_RESOURCES values (57, null,'com.sds.emp.purchase.web','UpdatePurchaseController','formBackingObject','HttpServletRequest','/empupdatepurchase.do',null,'url');
insert into CANDIDATE_SECURED_RESOURCES values (58, null,'com.sds.emp.purchase.web','UpdatePurchaseController','setPurchaseService','PurchaseService','/empupdatepurchase.do',null,'url');
insert into CANDIDATE_SECURED_RESOURCES values (59, null,'com.sds.emp.purchase.web','UpdatePurchaseController','setCodeService','CodeService','/empupdatepurchase.do',null,'url');
insert into CANDIDATE_SECURED_RESOURCES values (60, null,'com.sds.emp.purchase.web','UpdatePurchaseController','setDeliveryCompanyService','DeliveryCompanyService','/empupdatepurchase.do',null,'url');
insert into CANDIDATE_SECURED_RESOURCES values (61, null,'com.sds.emp.purchase.web','UpdatePurchaseController','process','HttpServletRequest,HttpServletResponse','/empupdatepurchase.do',null,'url');
insert into CANDIDATE_SECURED_RESOURCES values (62, null,'com.sds.emp.purchase.web','GetProductSearchController','setProductService','ProductService','/empgetproductsearch.do',null,'url');
insert into CANDIDATE_SECURED_RESOURCES values (63, null,'com.sds.emp.purchase.web','GetProductSearchController','setCodeService','CodeService','/empgetproductsearch.do',null,'url');
insert into CANDIDATE_SECURED_RESOURCES values (64, null,'com.sds.emp.purchase.web','GetProductSearchController','setDeliveryCompanyService','DeliveryCompanyService','/empgetproductsearch.do',null,'url');
insert into CANDIDATE_SECURED_RESOURCES values (65, null,'com.sds.emp.purchase.web','GetProductSearchController','process','HttpServletRequest,HttpServletResponse','/empgetproductsearch.do',null,'url');
insert into CANDIDATE_SECURED_RESOURCES values (66, null,'com.sds.emp.purchase.web','AddPurchaseController','setProductService','ProductService','/empaddpurchaseview.do',null,'url');
insert into CANDIDATE_SECURED_RESOURCES values (67, null,'com.sds.emp.purchase.web','AddPurchaseController','formBackingObject','HttpServletRequest','/empaddpurchaseview.do',null,'url');
insert into CANDIDATE_SECURED_RESOURCES values (68, null,'com.sds.emp.purchase.web','AddPurchaseController','setPurchaseService','PurchaseService','/empaddpurchaseview.do',null,'url');
insert into CANDIDATE_SECURED_RESOURCES values (69, null,'com.sds.emp.purchase.web','AddPurchaseController','setCodeService','CodeService','/empaddpurchaseview.do',null,'url');
insert into CANDIDATE_SECURED_RESOURCES values (70, null,'com.sds.emp.purchase.web','AddPurchaseController','setDeliveryCompanyService','DeliveryCompanyService','/empaddpurchaseview.do',null,'url');
insert into CANDIDATE_SECURED_RESOURCES values (71, null,'com.sds.emp.purchase.web','AddPurchaseController','process','HttpServletRequest,HttpServletResponse','/empaddpurchaseview.do',null,'url');
insert into CANDIDATE_SECURED_RESOURCES values (72, null,'com.sds.emp.purchase.web','AddPurchaseController','setProductService','ProductService','/empaddpurchase.do',null,'url');
insert into CANDIDATE_SECURED_RESOURCES values (73, null,'com.sds.emp.purchase.web','AddPurchaseController','formBackingObject','HttpServletRequest','/empaddpurchase.do',null,'url');
insert into CANDIDATE_SECURED_RESOURCES values (74, null,'com.sds.emp.purchase.web','AddPurchaseController','setPurchaseService','PurchaseService','/empaddpurchase.do',null,'url');
insert into CANDIDATE_SECURED_RESOURCES values (75, null,'com.sds.emp.purchase.web','AddPurchaseController','setCodeService','CodeService','/empaddpurchase.do',null,'url');
insert into CANDIDATE_SECURED_RESOURCES values (76, null,'com.sds.emp.purchase.web','AddPurchaseController','setDeliveryCompanyService','DeliveryCompanyService','/empaddpurchase.do',null,'url');
insert into CANDIDATE_SECURED_RESOURCES values (77, null,'com.sds.emp.purchase.web','AddPurchaseController','process','HttpServletRequest,HttpServletResponse','/empaddpurchase.do',null,'url');
insert into CANDIDATE_SECURED_RESOURCES values (78, null,'com.sds.emp.user.web','UpdateUserController','setRole','String','/empgetuser.do',null,'url');
insert into CANDIDATE_SECURED_RESOURCES values (79, null,'com.sds.emp.user.web','UpdateUserController','formBackingObject','HttpServletRequest','/empgetuser.do',null,'url');
insert into CANDIDATE_SECURED_RESOURCES values (80, null,'com.sds.emp.user.web','UpdateUserController','setCodeService','CodeService','/empgetuser.do',null,'url');
insert into CANDIDATE_SECURED_RESOURCES values (81, null,'com.sds.emp.user.web','UpdateUserController','setUserService','UserService','/empgetuser.do',null,'url');
insert into CANDIDATE_SECURED_RESOURCES values (82, null,'com.sds.emp.user.web','UpdateUserController','process','HttpServletRequest,HttpServletResponse','/empgetuser.do',null,'url');
insert into CANDIDATE_SECURED_RESOURCES values (83, null,'com.sds.emp.user.web','UpdateUserController','setRole','String','/empgetadminuser.do',null,'url');
insert into CANDIDATE_SECURED_RESOURCES values (84, null,'com.sds.emp.user.web','UpdateUserController','formBackingObject','HttpServletRequest','/empgetadminuser.do',null,'url');
insert into CANDIDATE_SECURED_RESOURCES values (85, null,'com.sds.emp.user.web','UpdateUserController','setCodeService','CodeService','/empgetadminuser.do',null,'url');
insert into CANDIDATE_SECURED_RESOURCES values (86, null,'com.sds.emp.user.web','UpdateUserController','setUserService','UserService','/empgetadminuser.do',null,'url');
insert into CANDIDATE_SECURED_RESOURCES values (87, null,'com.sds.emp.user.web','UpdateUserController','process','HttpServletRequest,HttpServletResponse','/empgetadminuser.do',null,'url');
insert into CANDIDATE_SECURED_RESOURCES values (88, null,'com.sds.emp.user.web','UpdateUserController','setRole','String','/empupdateuser.do',null,'url');
insert into CANDIDATE_SECURED_RESOURCES values (89, null,'com.sds.emp.user.web','UpdateUserController','formBackingObject','HttpServletRequest','/empupdateuser.do',null,'url');
insert into CANDIDATE_SECURED_RESOURCES values (90, null,'com.sds.emp.user.web','UpdateUserController','setCodeService','CodeService','/empupdateuser.do',null,'url');
insert into CANDIDATE_SECURED_RESOURCES values (91, null,'com.sds.emp.user.web','UpdateUserController','setUserService','UserService','/empupdateuser.do',null,'url');
insert into CANDIDATE_SECURED_RESOURCES values (92, null,'com.sds.emp.user.web','UpdateUserController','process','HttpServletRequest,HttpServletResponse','/empupdateuser.do',null,'url');
insert into CANDIDATE_SECURED_RESOURCES values (93, null,'com.sds.emp.user.web','GetUserListController','setPropertiesService','IPropertiesService','/emplistuser.do',null,'url');
insert into CANDIDATE_SECURED_RESOURCES values (94, null,'com.sds.emp.user.web','GetUserListController','setUserService','UserService','/emplistuser.do',null,'url');
insert into CANDIDATE_SECURED_RESOURCES values (95, null,'com.sds.emp.user.web','GetUserListController','process','HttpServletRequest,HttpServletResponse','/emplistuser.do',null,'url');
insert into CANDIDATE_SECURED_RESOURCES values (96, null,'com.sds.emp.user.web','AddUserController','formBackingObject','HttpServletRequest','/empadduserview.do',null,'url');
insert into CANDIDATE_SECURED_RESOURCES values (97, null,'com.sds.emp.user.web','AddUserController','setCodeService','CodeService','/empadduserview.do',null,'url');
insert into CANDIDATE_SECURED_RESOURCES values (98, null,'com.sds.emp.user.web','AddUserController','setUserService','UserService','/empadduserview.do',null,'url');
insert into CANDIDATE_SECURED_RESOURCES values (99, null,'com.sds.emp.user.web','AddUserController','process','HttpServletRequest,HttpServletResponse','/empadduserview.do',null,'url');
insert into CANDIDATE_SECURED_RESOURCES values (100, null,'com.sds.emp.user.web','AddUserController','formBackingObject','HttpServletRequest','/empadduser.do',null,'url');
insert into CANDIDATE_SECURED_RESOURCES values (101, null,'com.sds.emp.user.web','AddUserController','setCodeService','CodeService','/empadduser.do',null,'url');
insert into CANDIDATE_SECURED_RESOURCES values (102, null,'com.sds.emp.user.web','AddUserController','setUserService','UserService','/empadduser.do',null,'url');
insert into CANDIDATE_SECURED_RESOURCES values (103, null,'com.sds.emp.user.web','AddUserController','process','HttpServletRequest,HttpServletResponse','/empadduser.do',null,'url');
insert into CANDIDATE_SECURED_RESOURCES values (104, null,'anyframe.web.springmvc.common.controller','ForwardController',null,null,'/login.do',null,'url');
insert into CANDIDATE_SECURED_RESOURCES values (105, null,'anyframe.web.springmvc.common.controller','ForwardController',null,null,'/welcome.do',null,'url');
insert into CANDIDATE_SECURED_RESOURCES values (106, null,'anyframe.web.springmvc.common.controller','ForwardController',null,null,'/index.do',null,'url');
insert into CANDIDATE_SECURED_RESOURCES values (107, null,'anyframe.web.springmvc.common.controller','ForwardController',null,null,'/emppopcheckduplication.do',null,'url');
insert into CANDIDATE_SECURED_RESOURCES values (108, null,'com.sds.emp.user.web','CheckDuplicationController','setUserService','UserService','/empcheckduplication.do',null,'url');
insert into CANDIDATE_SECURED_RESOURCES values (109, null,'com.sds.emp.user.web','CheckDuplicationController','process','HttpServletRequest,HttpServletResponse','/empcheckduplication.do',null,'url');
insert into CANDIDATE_SECURED_RESOURCES values (110, null,'com.sds.emp.sale.web','AddProductController','setProductService','ProductService','/empaddproductview.do',null,'url');
insert into CANDIDATE_SECURED_RESOURCES values (111, null,'com.sds.emp.sale.web','AddProductController','formBackingObject','HttpServletRequest','/empaddproductview.do',null,'url');
insert into CANDIDATE_SECURED_RESOURCES values (112, null,'com.sds.emp.sale.web','AddProductController','setCategoryService','CategoryService','/empaddproductview.do',null,'url');
insert into CANDIDATE_SECURED_RESOURCES values (113, null,'com.sds.emp.sale.web','AddProductController','setIdGenerationServiceProduct','IIdGenerationService','/empaddproductview.do',null,'url');
insert into CANDIDATE_SECURED_RESOURCES values (114, null,'com.sds.emp.sale.web','AddProductController','process','HttpServletRequest,HttpServletResponse','/empaddproductview.do',null,'url');
insert into CANDIDATE_SECURED_RESOURCES values (115, null,'com.sds.emp.sale.web','AddProductController','setProductService','ProductService','/empaddproduct.do',null,'url');
insert into CANDIDATE_SECURED_RESOURCES values (116, null,'com.sds.emp.sale.web','AddProductController','formBackingObject','HttpServletRequest','/empaddproduct.do',null,'url');
insert into CANDIDATE_SECURED_RESOURCES values (117, null,'com.sds.emp.sale.web','AddProductController','setCategoryService','CategoryService','/empaddproduct.do',null,'url');
insert into CANDIDATE_SECURED_RESOURCES values (118, null,'com.sds.emp.sale.web','AddProductController','setIdGenerationServiceProduct','IIdGenerationService','/empaddproduct.do',null,'url');
insert into CANDIDATE_SECURED_RESOURCES values (119, null,'com.sds.emp.sale.web','AddProductController','process','HttpServletRequest,HttpServletResponse','/empaddproduct.do',null,'url');
insert into CANDIDATE_SECURED_RESOURCES values (120, null,'com.sds.emp.sale.web','UpdateProductController','setProductService','ProductService','/empgetproduct.do',null,'url');
insert into CANDIDATE_SECURED_RESOURCES values (121, null,'com.sds.emp.sale.web','UpdateProductController','formBackingObject','HttpServletRequest','/empgetproduct.do',null,'url');
insert into CANDIDATE_SECURED_RESOURCES values (122, null,'com.sds.emp.sale.web','UpdateProductController','setCategoryService','CategoryService','/empgetproduct.do',null,'url');
insert into CANDIDATE_SECURED_RESOURCES values (123, null,'com.sds.emp.sale.web','UpdateProductController','process','HttpServletRequest,HttpServletResponse','/empgetproduct.do',null,'url');
insert into CANDIDATE_SECURED_RESOURCES values (124, null,'com.sds.emp.sale.web','UpdateProductController','setProductService','ProductService','/empupdateproduct.do',null,'url');
insert into CANDIDATE_SECURED_RESOURCES values (125, null,'com.sds.emp.sale.web','UpdateProductController','formBackingObject','HttpServletRequest','/empupdateproduct.do',null,'url');
insert into CANDIDATE_SECURED_RESOURCES values (126, null,'com.sds.emp.sale.web','UpdateProductController','setCategoryService','CategoryService','/empupdateproduct.do',null,'url');
insert into CANDIDATE_SECURED_RESOURCES values (127, null,'com.sds.emp.sale.web','UpdateProductController','process','HttpServletRequest,HttpServletResponse','/empupdateproduct.do',null,'url');
insert into CANDIDATE_SECURED_RESOURCES values (128, null,'com.sds.emp.sale.web','GetSaleListController','setPropertiesService','IPropertiesService','/emplistsale.do',null,'url');
insert into CANDIDATE_SECURED_RESOURCES values (129, null,'com.sds.emp.sale.web','GetSaleListController','setCategoryService','CategoryService','/emplistsale.do',null,'url');
insert into CANDIDATE_SECURED_RESOURCES values (130, null,'com.sds.emp.sale.web','GetSaleListController','setSaleService','SaleService','/emplistsale.do',null,'url');
insert into CANDIDATE_SECURED_RESOURCES values (131, null,'com.sds.emp.sale.web','GetSaleListController','process','HttpServletRequest,HttpServletResponse','/emplistsale.do',null,'url');
insert into CANDIDATE_SECURED_RESOURCES values (132, null,'com.sds.emp.sale.web','GetSaleController','setSaleService','SaleService','/empgetsale.do',null,'url');
insert into CANDIDATE_SECURED_RESOURCES values (133, null,'com.sds.emp.sale.web','GetSaleController','process','HttpServletRequest,HttpServletResponse','/empgetsale.do',null,'url');
insert into CANDIDATE_SECURED_RESOURCES values (134, null,'com.sds.emp.sale.web','GetCategoryListController','setPropertiesService','IPropertiesService','/empListCategory.do',null,'url');
insert into CANDIDATE_SECURED_RESOURCES values (135, null,'com.sds.emp.sale.web','GetCategoryListController','setCategoryService','CategoryService','/empListCategory.do',null,'url');
insert into CANDIDATE_SECURED_RESOURCES values (136, null,'com.sds.emp.sale.web','GetCategoryListController','process','HttpServletRequest,HttpServletResponse','/empListCategory.do',null,'url');
insert into CANDIDATE_SECURED_RESOURCES values (137, null,'com.sds.emp.sale.web','AddCategoryController','formBackingObject','HttpServletRequest','/empaddcategoryview.do',null,'url');
insert into CANDIDATE_SECURED_RESOURCES values (138, null,'com.sds.emp.sale.web','AddCategoryController','setCategoryService','CategoryService','/empaddcategoryview.do',null,'url');
insert into CANDIDATE_SECURED_RESOURCES values (139, null,'com.sds.emp.sale.web','AddCategoryController','process','HttpServletRequest,HttpServletResponse','/empaddcategoryview.do',null,'url');
insert into CANDIDATE_SECURED_RESOURCES values (140, null,'com.sds.emp.sale.web','AddCategoryController','formBackingObject','HttpServletRequest','/empaddcategory.do',null,'url');
insert into CANDIDATE_SECURED_RESOURCES values (141, null,'com.sds.emp.sale.web','AddCategoryController','setCategoryService','CategoryService','/empaddcategory.do',null,'url');
insert into CANDIDATE_SECURED_RESOURCES values (142, null,'com.sds.emp.sale.web','AddCategoryController','process','HttpServletRequest,HttpServletResponse','/empaddcategory.do',null,'url');
insert into CANDIDATE_SECURED_RESOURCES values (143, null,'com.sds.emp.sale.web','UpdateCategoryController','formBackingObject','HttpServletRequest','/empgetcategory.do',null,'url');
insert into CANDIDATE_SECURED_RESOURCES values (144, null,'com.sds.emp.sale.web','UpdateCategoryController','setCategoryService','CategoryService','/empgetcategory.do',null,'url');
insert into CANDIDATE_SECURED_RESOURCES values (145, null,'com.sds.emp.sale.web','UpdateCategoryController','process','HttpServletRequest,HttpServletResponse','/empgetcategory.do',null,'url');
insert into CANDIDATE_SECURED_RESOURCES values (146, null,'com.sds.emp.sale.web','UpdateCategoryController','formBackingObject','HttpServletRequest','/empupdatecategory.do',null,'url');
insert into CANDIDATE_SECURED_RESOURCES values (147, null,'com.sds.emp.sale.web','UpdateCategoryController','setCategoryService','CategoryService','/empupdatecategory.do',null,'url');
insert into CANDIDATE_SECURED_RESOURCES values (148, null,'com.sds.emp.sale.web','UpdateCategoryController','process','HttpServletRequest,HttpServletResponse','/empupdatecategory.do',null,'url');
insert into CANDIDATE_SECURED_RESOURCES values (149, null,'com.sds.emp.sale.web','UpdateTranStatusCodeController','setSaleService','SaleService','/empupdatetranstatuscode.do',null,'url');
insert into CANDIDATE_SECURED_RESOURCES values (150, null,'com.sds.emp.sale.web','UpdateTranStatusCodeController','process','HttpServletRequest,HttpServletResponse','/empupdatetranstatuscode.do',null,'url');
insert into CANDIDATE_SECURED_RESOURCES values (2, 'userService','com.sds.emp.user.services','UserService','getUserList','SearchVO',null,'com.sds.emp.user.services.UserService.getUserList','method');
insert into CANDIDATE_SECURED_RESOURCES values (3, 'userService','com.sds.emp.user.services','UserService','getUser','String',null,'com.sds.emp.user.services.UserService.getUser','method');
insert into CANDIDATE_SECURED_RESOURCES values (4, 'userService','com.sds.emp.user.services','UserService','updateUser','UserVO',null,'com.sds.emp.user.services.UserService.updateUser','method');
insert into CANDIDATE_SECURED_RESOURCES values (5, 'userService','com.sds.emp.user.services','UserService','checkDuplication','String',null,'com.sds.emp.user.services.UserService.checkDuplication','method');
insert into CANDIDATE_SECURED_RESOURCES values (6, 'deliveryCompanyService','com.sds.emp.purchase.services','DeliveryCompanyService','addDeliveryCompany','DeliveryCompanyVO',null,'com.sds.emp.purchase.services.DeliveryCompanyService.addDeliveryCompany','method');
insert into CANDIDATE_SECURED_RESOURCES values (7, 'deliveryCompanyService','com.sds.emp.purchase.services','DeliveryCompanyService','updateDeliveryCompany','DeliveryCompanyVO',null,'com.sds.emp.purchase.services.DeliveryCompanyService.updateDeliveryCompany','method');
insert into CANDIDATE_SECURED_RESOURCES values (8, 'deliveryCompanyService','com.sds.emp.purchase.services','DeliveryCompanyService','getDeliveryCompanyList','SearchVO',null,'com.sds.emp.purchase.services.DeliveryCompanyService.getDeliveryCompanyList','method');
insert into CANDIDATE_SECURED_RESOURCES values (9, 'deliveryCompanyService','com.sds.emp.purchase.services','DeliveryCompanyService','getDeliveryCompany','String',null,'com.sds.emp.purchase.services.DeliveryCompanyService.getDeliveryCompany','method');
insert into CANDIDATE_SECURED_RESOURCES values (10, 'deliveryCompanyService','com.sds.emp.purchase.services','DeliveryCompanyService','getDropDownDeliveryCompanyList',null,null,'com.sds.emp.purchase.services.DeliveryCompanyService.getDropDownDeliveryCompanyList','method');
insert into CANDIDATE_SECURED_RESOURCES values (11, 'purchaseService','com.sds.emp.purchase.services','PurchaseService','countPurchaseListByDeliveryCompany','String',null,'com.sds.emp.purchase.services.PurchaseService.countPurchaseListByDeliveryCompany','method');
insert into CANDIDATE_SECURED_RESOURCES values (12, 'purchaseService','com.sds.emp.purchase.services','PurchaseService','getPurchase','String',null,'com.sds.emp.purchase.services.PurchaseService.getPurchase','method');
insert into CANDIDATE_SECURED_RESOURCES values (13, 'purchaseService','com.sds.emp.purchase.services','PurchaseService','addPurchase','PurchaseVO',null,'com.sds.emp.purchase.services.PurchaseService.addPurchase','method');
insert into CANDIDATE_SECURED_RESOURCES values (14, 'purchaseService','com.sds.emp.purchase.services','PurchaseService','updatePurchase','PurchaseVO',null,'com.sds.emp.purchase.services.PurchaseService.updatePurchase','method');
insert into CANDIDATE_SECURED_RESOURCES values (15, 'purchaseService','com.sds.emp.purchase.services','PurchaseService','getPurchaseList','SearchVO',null,'com.sds.emp.purchase.services.PurchaseService.getPurchaseList','method');
insert into CANDIDATE_SECURED_RESOURCES values (16, 'codeService','com.sds.emp.code.services','CodeService','getCodeList','String',null,'com.sds.emp.code.services.CodeService.getCodeList','method');
insert into CANDIDATE_SECURED_RESOURCES values (17, 'categoryService','com.sds.emp.sale.services','CategoryService','getCategory','String',null,'com.sds.emp.sale.services.CategoryService.getCategory','method');
insert into CANDIDATE_SECURED_RESOURCES values (18, 'categoryService','com.sds.emp.sale.services','CategoryService','processAll','HashMap',null,'com.sds.emp.sale.services.CategoryService.processAll','method');
insert into CANDIDATE_SECURED_RESOURCES values (19, 'categoryService','com.sds.emp.sale.services','CategoryService','addCategory','CategoryVO',null,'com.sds.emp.sale.services.CategoryService.addCategory','method');
insert into CANDIDATE_SECURED_RESOURCES values (20, 'categoryService','com.sds.emp.sale.services','CategoryService','updateCategory','CategoryVO',null,'com.sds.emp.sale.services.CategoryService.updateCategory','method');
insert into CANDIDATE_SECURED_RESOURCES values (21, 'categoryService','com.sds.emp.sale.services','CategoryService','removeCategory','CategoryVO',null,'com.sds.emp.sale.services.CategoryService.removeCategory','method');
insert into CANDIDATE_SECURED_RESOURCES values (22, 'categoryService','com.sds.emp.sale.services','CategoryService','getCategoryList','SearchVO',null,'com.sds.emp.sale.services.CategoryService.getCategoryList','method');
insert into CANDIDATE_SECURED_RESOURCES values (23, 'categoryService','com.sds.emp.sale.services','CategoryService','getCategoryListAll','SearchVO',null,'com.sds.emp.sale.services.CategoryService.getCategoryListAll','method');
insert into CANDIDATE_SECURED_RESOURCES values (24, 'categoryService','com.sds.emp.sale.services','CategoryService','getDropDownCategoryList',null,null,'com.sds.emp.sale.services.CategoryService.getDropDownCategoryList','method');
insert into CANDIDATE_SECURED_RESOURCES values (25, 'productService','com.sds.emp.sale.services','ProductService','countProductListByCategory','String',null,'com.sds.emp.sale.services.ProductService.countProductListByCategory','method');
insert into CANDIDATE_SECURED_RESOURCES values (26, 'productService','com.sds.emp.sale.services','ProductService','addProduct','ProductVO',null,'com.sds.emp.sale.services.ProductService.addProduct','method');
insert into CANDIDATE_SECURED_RESOURCES values (27, 'productService','com.sds.emp.sale.services','ProductService','updateProduct','ProductVO',null,'com.sds.emp.sale.services.ProductService.updateProduct','method');
insert into CANDIDATE_SECURED_RESOURCES values (28, 'productService','com.sds.emp.sale.services','ProductService','getProduct','String',null,'com.sds.emp.sale.services.ProductService.getProduct','method');
insert into CANDIDATE_SECURED_RESOURCES values (29, 'productService','com.sds.emp.sale.services','ProductService','getProductList','SearchVO',null,'com.sds.emp.sale.services.ProductService.getProductList','method');
insert into CANDIDATE_SECURED_RESOURCES values (30, 'saleService','com.sds.emp.sale.services','SaleService','updateTranStatusCode','SaleVO',null,'com.sds.emp.sale.services.SaleService.updateTranStatusCode','method');
insert into CANDIDATE_SECURED_RESOURCES values (31, 'saleService','com.sds.emp.sale.services','SaleService','getSaleList','SearchVO',null,'com.sds.emp.sale.services.SaleService.getSaleList','method');
insert into CANDIDATE_SECURED_RESOURCES values (32, 'saleService','com.sds.emp.sale.services','SaleService','getSaleListAll','SearchVO',null,'com.sds.emp.sale.services.SaleService.getSaleListAll','method');
insert into CANDIDATE_SECURED_RESOURCES values (33, 'saleService','com.sds.emp.sale.services','SaleService','getSale','String',null,'com.sds.emp.sale.services.SaleService.getSale','method');
insert into CANDIDATE_SECURED_RESOURCES values (34, 'saleService','com.sds.emp.sale.services','SaleService','getAjaxSaleListAll','SearchVO',null,'com.sds.emp.sale.services.SaleService.getAjaxSaleListAll','method');
insert into CANDIDATE_SECURED_RESOURCES values (35, null,'com.sds.emp.code.services',null,null,null,null,'com.sds.emp.code.services..*Service*.*(..)','pointcut');
insert into CANDIDATE_SECURED_RESOURCES values (36, null,'com.sds.emp.purchase.services',null,null,null,null,'com.sds.emp.purchase.services..*Service*.*(..)','pointcut');
insert into CANDIDATE_SECURED_RESOURCES values (37, null,'com.sds.emp.sale.services',null,null,null,null,'com.sds.emp.sale.services..*Service*.*(..)','pointcut');
insert into CANDIDATE_SECURED_RESOURCES values (38, null,'com.sds.emp.user.services',null,null,null,null,'com.sds.emp.user.services..*Service*.*(..)','pointcut');
insert into CANDIDATE_SECURED_RESOURCES values (39, null,'org.springframework.remoting.httpinvoker','HttpInvokerServiceExporter',null,null,'/assist/resourceGatherAssist.do',null,'url');
insert into CANDIDATE_SECURED_RESOURCES values (40, null,'org.springframework.remoting.httpinvoker','HttpInvokerServiceExporter',null,null,'/reload/resourceReload.do',null,'url');
insert into CANDIDATE_SECURED_RESOURCES values (41, null,'org.springframework.remoting.httpinvoker','HttpInvokerServiceExporter',null,null,'/assist/resourceCreationAssist.do',null,'url');
insert into CANDIDATE_SECURED_RESOURCES values (42, null,'com.sds.emp.purchase.web','GetProductSearchListController','setPropertiesService','IPropertiesService','/emplistproductsearch.do',null,'url');
insert into CANDIDATE_SECURED_RESOURCES values (43, null,'com.sds.emp.purchase.web','GetProductSearchListController','setProductService','ProductService','/emplistproductsearch.do',null,'url');
insert into CANDIDATE_SECURED_RESOURCES values (44, null,'com.sds.emp.purchase.web','GetProductSearchListController','process','HttpServletRequest,HttpServletResponse','/emplistproductsearch.do',null,'url');
insert into CANDIDATE_SECURED_RESOURCES values (45, null,'com.sds.emp.purchase.web','GetPurchaseListController','setPropertiesService','IPropertiesService','/emplistpurchase.do',null,'url');
insert into CANDIDATE_SECURED_RESOURCES values (46, null,'com.sds.emp.purchase.web','GetPurchaseListController','setPurchaseService','PurchaseService','/emplistpurchase.do',null,'url');
insert into CANDIDATE_SECURED_RESOURCES values (47, null,'com.sds.emp.purchase.web','GetPurchaseListController','process','HttpServletRequest,HttpServletResponse','/emplistpurchase.do',null,'url');
insert into CANDIDATE_SECURED_RESOURCES values (48, null,'com.sds.emp.purchase.web','GetPurchaseController','setPurchaseService','PurchaseService','/empgetpurchase.do',null,'url');
insert into CANDIDATE_SECURED_RESOURCES values (49, null,'com.sds.emp.purchase.web','GetPurchaseController','setCodeService','CodeService','/empgetpurchase.do',null,'url');
insert into CANDIDATE_SECURED_RESOURCES values (50, null,'com.sds.emp.purchase.web','GetPurchaseController','setDeliveryCompanyService','DeliveryCompanyService','/empgetpurchase.do',null,'url');
insert into CANDIDATE_SECURED_RESOURCES values (1, 'userService','com.sds.emp.user.services','UserService','addUser','UserVO',null,'com.sds.emp.user.services.UserService.addUser','method');

insert into IDS values ('ROLES',35);
insert into IDS values ('RESOURCE_METHOD',31);
insert into IDS values ('RESOURCE_URL',55);
insert into IDS values ('RESOURCE_PNC',28);
insert into IDS values ('TIMES',14);
insert into IDS values ('GROUPS',153);

-- for sample
insert into IDS values ('CATEGORY',58)
insert into IDS values ('DELIVERY_COMPANY',25)
insert into IDS values ('PRODUCT',125)
insert into IDS values ('TRANSACTION',20)

commit;
